frame,simulation_time,accel_x_mps2,accel_y_mps2,accel_z_mps2,gyro_x_radps,gyro_y_radps,gyro_z_radps,compass_rad
3585,59.684025982198364,-1.5288974290530223e-36,1.3377256290953731e-35,9.8100004196167,0.0,0.0,0.0,3.152801990509033
3586,59.73402598294342,-1.5288974290530223e-36,1.3377256290953731e-35,9.8100004196167,0.0,0.0,0.0,3.152801990509033
3587,59.78402598368848,5202.56640625,-45520.44140625,-865.4699096679688,0.0,0.0,0.0,3.152801990509033
3588,59.83402598443354,0.0,0.0,15.689922332763672,0.0,0.0,0.0,3.152801990509033
3589,59.884025985178596,0.0,0.0,0.010156631469726562,0.0,0.0,0.0,3.152801990509033
3590,59.934025985923654,0.0,0.0,0.009922981262207031,0.0,0.0,0.0,3.152801990509033
3591,59.98402598666871,0.0,0.0,22.977773666381836,4.850206778428401e-07,1.1222334705962567e-07,3.904848666635985e-11,3.152801990509033
3592,60.03402598741377,0.0,0.0,32.633750915527344,3.903882088707178e-07,-7.251179567902e-08,-1.626996315451379e-10,3.152801990509033
3593,60.08402598815883,-0.22697541117668152,-0.21702204644680023,27.453676223754883,0.016004787757992744,-0.022594839334487915,-5.204595254326705e-06,3.152801990509033
3594,60.134025988903886,-0.03236089646816254,0.011516038328409195,15.45195484161377,0.0024271835573017597,-0.006474639289081097,-5.3619814934791066e-06,3.152801990509033
3595,60.184025989648944,0.2696457505226135,0.24480223655700684,11.28152084350586,-0.0019205616554245353,0.0011169776553288102,1.083582901628688e-06,3.152796745300293
3596,60.234025990394,0.11927607655525208,0.06409429013729095,9.710515022277832,-0.0028550568968057632,0.004034793004393578,2.5709996407385916e-06,3.152796745300293
3597,60.28402599113906,0.03969532623887062,0.013299979269504547,8.95922565460205,-0.002624145243316889,0.004585589747875929,2.1044149889348773e-06,3.152796745300293
3598,60.33402599188412,0.0004582498222589493,-0.012388866394758224,8.711021423339844,-0.0020841327495872974,0.004083700478076935,1.3377461982599925e-06,3.152796745300293
3599,60.38402599262918,-0.014100948348641396,-0.0030013583600521088,8.742976188659668,-0.0015488862991333008,0.0032324367202818394,7.664301620025071e-07,3.152801990509033
3600,60.434025993374235,-0.019105354323983192,-0.013494238257408142,8.906648635864258,-0.001107960008084774,0.0023737442679703236,4.192820028947608e-07,3.152801990509033
3601,60.48402599411929,-0.016747765243053436,-0.00890803337097168,9.112231254577637,-0.0007756530540063977,0.0016477775061503053,2.2665295773549587e-07,3.152801990509033
3602,60.53402599486435,-0.014308794401586056,-0.019215773791074753,9.309261322021484,-0.0005348584381863475,0.0010913623264059424,1.2604388643921993e-07,3.152801990509033
3603,60.58402599560941,-0.010828240774571896,-0.009449347853660583,9.47515869140625,-0.0003653768799267709,0.0006922278553247452,7.156148740250501e-08,3.152801990509033
3604,60.63402599635447,-0.006584953982383013,0.0003634802997112274,9.602617263793945,-0.0002480696712154895,0.00041998372762463987,4.295242206353578e-08,3.152801990509033
3605,60.684025997099525,-0.006049119867384434,0.005265936255455017,9.693476676940918,-0.0001666985626798123,0.00024309559375979006,2.7558849424735854e-08,3.152801990509033
3606,60.73402599784458,-0.0038002212531864643,-0.009827454574406147,9.754219055175781,-0.00011204695329070091,0.0001321643649134785,1.7535533913815016e-08,3.152801990509033
3607,60.78402599858964,-0.001232412876561284,0.00010267086327075958,9.791563034057617,-7.529066351708025e-05,6.660271174041554e-05,1.1457877313603149e-08,3.152801990509033
3608,60.8340259993347,-0.0018571937689557672,0.00011058582458645105,9.8920316696167,0.0,0.0,0.0,3.152801990509033
3609,60.88402600007976,1.7541642591822892e-05,8.882707334123552e-05,9.8100004196167,0.0,0.0,0.0,3.152801990509033
3610,60.934026000824815,1.7541642591822892e-05,8.882707334123552e-05,9.8100004196167,0.0,0.0,0.0,3.152801990509033
3611,60.98402600156987,1.7541642591822892e-05,8.882707334123552e-05,9.8100004196167,0.0,0.0,0.0,3.152801990509033
3612,61.03402600231493,1.7541642591822892e-05,8.882707334123552e-05,9.8100004196167,0.0,0.0,0.0,3.152801990509033
3613,61.08402600305999,1.7541642591822892e-05,8.882707334123552e-05,9.8100004196167,0.0,0.0,0.0,3.152801990509033
3614,61.13402600380505,1.7541642591822892e-05,8.882707334123552e-05,9.8100004196167,0.0,0.0,0.0,3.152801990509033
3615,61.184026004550105,1.7541642591822892e-05,8.882707334123552e-05,9.8100004196167,0.0,0.0,0.0,3.152801990509033
3616,61.23402600529516,1.7541642591822892e-05,8.882707334123552e-05,9.8100004196167,0.0,0.0,0.0,3.152801990509033
3617,61.28402600604022,1.7541642591822892e-05,8.882707334123552e-05,9.8100004196167,0.0,0.0,0.0,3.152801990509033
3618,61.33402600678528,1.7541642591822892e-05,8.882707334123552e-05,9.8100004196167,0.0,0.0,0.0,3.152801990509033
3619,61.38402600753034,1.7541642591822892e-05,8.882707334123552e-05,9.8100004196167,0.0,0.0,0.0,3.152801990509033
3620,61.434026008275396,1.7541642591822892e-05,8.882707334123552e-05,9.8100004196167,0.0,0.0,0.0,3.152801990509033
3621,61.484026009020454,1.7541642591822892e-05,8.882707334123552e-05,9.8100004196167,0.0,0.0,0.0,3.152801990509033
3622,61.53402600976551,1.7541642591822892e-05,8.882707334123552e-05,9.8100004196167,0.0,0.0,0.0,3.152801990509033
3623,61.58402601051057,1.7541642591822892e-05,8.882707334123552e-05,9.8100004196167,0.0,0.0,0.0,3.152801990509033
3624,61.63402601125563,1.7541642591822892e-05,8.882707334123552e-05,9.8100004196167,0.0,0.0,0.0,3.152801990509033
3625,61.684026012000686,1.7541642591822892e-05,8.882707334123552e-05,9.8100004196167,0.0,0.0,0.0,3.152801990509033
3626,61.734026012745744,1.7541642591822892e-05,8.882707334123552e-05,9.8100004196167,0.0,0.0,0.0,3.152801990509033
3627,61.7840260134908,1.7541642591822892e-05,8.882707334123552e-05,9.8100004196167,0.0,0.0,0.0,3.152801990509033
3628,61.83402601423586,1.7541642591822892e-05,8.882707334123552e-05,9.8100004196167,0.0,0.0,0.0,3.152801990509033
3629,61.88402601498092,1.7541642591822892e-05,8.882707334123552e-05,9.8100004196167,0.0,0.0,0.0,3.152801990509033
3630,61.934026015725976,1.7541642591822892e-05,8.882707334123552e-05,9.8100004196167,0.0,0.0,0.0,3.152801990509033
3631,61.984026016471034,1.7541642591822892e-05,8.882707334123552e-05,9.8100004196167,0.0,0.0,0.0,3.152801990509033
3632,62.03402601721609,1.7541642591822892e-05,8.882707334123552e-05,9.8100004196167,0.0,0.0,0.0,3.152801990509033
3633,62.08402601796115,1.7541642591822892e-05,8.882707334123552e-05,9.8100004196167,0.0,0.0,0.0,3.152801990509033
3634,62.13402601870621,1.7541642591822892e-05,8.882707334123552e-05,9.8100004196167,0.0,0.0,0.0,3.152801990509033
3635,62.18402601945127,1.7541642591822892e-05,8.882707334123552e-05,9.8100004196167,0.0,0.0,0.0,3.152801990509033
3636,62.234026020196325,1.7541642591822892e-05,8.882707334123552e-05,9.8100004196167,0.0,0.0,0.0,3.152801990509033
3637,62.28402602094138,1.7541642591822892e-05,8.882707334123552e-05,9.8100004196167,0.0,0.0,0.0,3.152801990509033
3638,62.33402602168644,1.7541642591822892e-05,8.882707334123552e-05,9.8100004196167,0.0,0.0,0.0,3.152801990509033
3639,62.3840260224315,1.7541642591822892e-05,8.882707334123552e-05,9.8100004196167,0.0,0.0,0.0,3.152801990509033
3640,62.43402602317656,1.7541642591822892e-05,8.882707334123552e-05,9.8100004196167,0.0,0.0,0.0,3.152801990509033
3641,62.484026023921615,1.7541642591822892e-05,8.882707334123552e-05,9.8100004196167,0.0,0.0,0.0,3.152801990509033
3642,62.53402602466667,1.7541642591822892e-05,8.882707334123552e-05,9.8100004196167,0.0,0.0,0.0,3.152801990509033
3643,62.58402602541173,1.7541642591822892e-05,8.882707334123552e-05,9.8100004196167,0.0,0.0,0.0,3.152801990509033
3644,62.63402602615679,1.7541642591822892e-05,8.882707334123552e-05,9.8100004196167,0.0,0.0,0.0,3.152801990509033
3645,62.68402602690185,1.7541642591822892e-05,8.882707334123552e-05,9.8100004196167,0.0,0.0,0.0,3.152801990509033
3646,62.734026027646905,1.7541642591822892e-05,8.882707334123552e-05,9.8100004196167,0.0,0.0,0.0,3.152801990509033
3647,62.78402602839196,1.7541642591822892e-05,8.882707334123552e-05,9.8100004196167,0.0,0.0,0.0,3.152801990509033
3648,62.83402602913702,1.7541642591822892e-05,8.882707334123552e-05,9.8100004196167,0.0,0.0,0.0,3.152801990509033
3649,62.88402602988208,1.7371901776641607e-05,8.796757902018726e-05,9.715078353881836,-3.273320908192545e-05,5.771107680629939e-06,-7.671237867157288e-09,3.152801990509033
3650,62.93402603062714,1.2893075108877383e-05,5.760679778177291e-05,9.832265853881836,-3.5489414585754275e-05,6.827613105997443e-06,6.148854203580356e-10,3.152801990509033
3651,62.984026031372196,1.2891023288830183e-05,5.759764462709427e-05,9.830703735351562,-3.450897929724306e-05,6.188931365613826e-06,-7.2706543008393965e-09,3.152801990509033
3652,63.034026032117254,6.190035492181778e-05,0.005031093023717403,9.827539443969727,-2.311546813871246e-05,5.172872988623567e-06,-3.229286560380018e-10,3.152801990509033
3653,63.08402603286231,-5.0187576562166214e-05,-0.004968293011188507,9.823203086853027,-1.5164492651820183e-05,3.59694331564242e-06,-4.2852271731064207e-10,3.152801990509033
3654,63.13402603360737,5.852873073308729e-06,3.1381070584757254e-05,9.81949234008789,-1.1247097063460387e-05,2.75938418781152e-06,-1.865810700385495e-10,3.152801990509033
3655,63.18402603435243,0.0006273011094890535,3.451539669185877e-06,9.816250801086426,-7.360244580922881e-06,1.7071392903744709e-06,-1.5421373900093016e-10,3.152801990509033
3656,63.234026035097486,-0.0006226209807209671,1.7459678929299116e-05,9.813828468322754,-4.745025762531441e-06,9.364198376715649e-07,-1.0374212600083865e-10,3.152801990509033
3657,63.284026035842544,2.3392767616314813e-06,1.0451992238813546e-05,9.811640739440918,-2.751501597231254e-06,4.838962013309356e-07,2.6773102831945117e-11,3.152801990509033
3658,63.3340260365876,2.3392767616314813e-06,1.0451992238813546e-05,9.811640739440918,-2.8397003006830346e-06,5.60406306249206e-07,1.3595154169099288e-10,3.152801990509033
3659,63.38402603733266,2.338885678909719e-06,1.045024509949144e-05,9.8100004196167,-1.7990215610552696e-06,4.9101572585641406e-08,-1.190168519293877e-10,3.152801990509033
3660,63.43402603807772,2.3388765839627013e-06,1.0450203262735158e-05,9.809961318969727,-1.4310592177935177e-06,4.4533828713611e-07,8.806787243909042e-11,3.152801990509033
3661,63.484026038822776,2.3388397494272795e-06,1.0450035915710032e-05,9.809804916381836,-1.1912781019418617e-06,3.1394654342875583e-07,1.1436106402140656e-11,3.152801990509033
3662,63.534026039567834,2.3387838155031204e-06,1.0449786714161746e-05,9.8095703125,-1.911659865072579e-06,1.2875887023255927e-07,1.671783128598392e-10,3.152801990509033
3663,63.58402604031289,2.3388206500385422e-06,1.044995315169217e-05,9.80972671508789,-2.9989294603183225e-07,-3.4383421620987065e-07,-1.6060179575116962e-10,3.152801990509033
3664,63.63402604105795,2.3388397494272795e-06,1.0450035915710032e-05,9.809804916381836,-1.1648802455965779e-07,-8.248927940712747e-08,1.0414421061644141e-11,3.152801990509033
3665,63.68402604180301,2.338765170861734e-06,1.0449704859638587e-05,9.809493064880371,1.1077830777139752e-06,-4.752492941406672e-07,-2.712828295337033e-10,3.152801990509033
3666,63.73402604254807,4.8665852546691895,-0.0404820442199707,9.595508575439453,-4.1116029024124146e-05,-0.03324253112077713,0.022156722843647003,3.153017997741699
3667,63.784026043293125,5.130431652069092,0.08776044845581055,9.8058500289917,-9.354203939437866e-06,-0.023440834134817123,2.0406523617566563e-05,3.152801990509033
3668,63.83402604403818,3.0378615856170654,-0.013167381286621094,9.904555320739746,-0.00030510430224239826,-0.003776474855840206,-0.013762868009507656,3.1525981426239014
3669,63.88402604478324,1.6588778495788574,-0.0530925989151001,9.897595405578613,0.00017321412451565266,0.002126778941601515,0.016385730355978012,3.152679204940796
3670,63.9340260455283,1.085313081741333,0.048395633697509766,9.862556457519531,-0.00028623687103390694,0.006613792851567268,-0.012444534339010715,3.152522087097168
3671,63.98402604627336,1.3494410514831543,-0.05463743209838867,9.80849838256836,0.00025825295597314835,0.0049233948811888695,0.012253870256245136,3.1526143550872803
3672,64.03402604701841,0.9167541265487671,0.050211966037750244,9.816734313964844,-0.00020103110000491142,0.007507254835218191,-0.013632554560899734,3.152472972869873
3673,64.08402604776347,0.7870528697967529,-0.048498570919036865,9.80440902709961,0.0001564929261803627,0.0049940976314246655,0.013821527361869812,3.15260910987854
3674,64.13402604850853,0.5446158647537231,0.049216508865356445,9.807389259338379,-9.946851059794426e-05,0.006371069233864546,-0.014380897395312786,3.152456521987915
3675,64.18402604925359,0.5968933701515198,-0.05645650625228882,9.796627044677734,5.8281468227505684e-05,0.0031655135098844767,0.014466428197920322,3.1525981426239014
3676,64.23402604999865,0.4505499005317688,0.05020570755004883,9.804028511047363,-2.772081643342972e-06,0.004284990020096302,-0.014688074588775635,3.1524510383605957
3677,64.2840260507437,0.5821643471717834,-0.04132843017578125,9.795726776123047,-3.330153413116932e-05,0.0010022158967331052,0.014754519797861576,3.1525981426239014
3678,64.33402605148876,0.5498232245445251,0.04410910606384277,9.802788734436035,6.270036101341248e-05,0.001975716557353735,-0.014591245912015438,3.1524510383605957
3679,64.38402605223382,0.7799977660179138,-0.05351972579956055,9.795428276062012,-7.108296267688274e-05,-0.0012320778332650661,0.014574983157217503,3.15260910987854
3680,64.43402605297888,0.776408851146698,0.05664563179016113,9.805493354797363,7.316062692552805e-05,0.0001994625199586153,-0.014315862208604813,3.1524620056152344
3681,64.48402605372394,0.972668468952179,-0.060634732246398926,9.800471305847168,-6.655603647232056e-05,-0.0023315120488405228,0.014285504817962646,3.1526036262512207
3682,64.534026054469,0.9094756841659546,0.05520588159561157,9.811686515808105,6.0240228776820004e-05,-0.00022698752582073212,-0.014043590053915977,3.152472972869873
3683,64.58402605521405,1.0528337955474854,-0.04650533199310303,9.80554485321045,-5.017290823161602e-05,-0.0022677916567772627,0.014014768414199352,3.15260910987854
3684,64.63402605595911,0.9492409825325012,0.044779300689697266,9.81478500366211,4.515844921115786e-05,0.00014170195208862424,-0.013802244327962399,3.152472972869873
3685,64.68402605670417,1.0631628036499023,-0.0416111946105957,9.807195663452148,-3.691599704325199e-05,-0.0017730178078636527,0.013772103935480118,3.1526143550872803
3686,64.73402605744923,0.9423372745513916,0.039856553077697754,9.81535530090332,3.29422764480114e-05,0.0006538450252264738,-0.013585738837718964,3.1524784564971924
3687,64.78402605819429,1.0448273420333862,-0.04140615463256836,9.806936264038086,-2.6791822165250778e-05,-0.0013112801825627685,0.013551167212426662,3.1526198387145996
3688,64.83402605893934,0.9182256460189819,0.04511767625808716,9.814541816711426,2.4636159650981426e-05,0.0010354468831792474,-0.013382671400904655,3.1524839401245117
3689,64.8840260596844,1.017316460609436,-0.046104252338409424,9.806416511535645,-2.1396786905825138e-05,-0.0010127462446689606,0.013342074118554592,3.1526198387145996
3690,64.93402606042946,0.8878879547119141,0.05044448375701904,9.813801765441895,1.8987921066582203e-05,0.001255594426766038,-0.013186612166464329,3.1524839401245117
3691,64.98402606117452,0.9867265820503235,-0.05577075481414795,9.805802345275879,-1.7560552805662155e-05,-0.0008552484214305878,0.013140127994120121,3.152625322341919
3692,65.03402606191958,0.8557853102684021,0.0507885217666626,9.813310623168945,1.639546826481819e-05,0.0013618337688967586,-0.012993667274713516,3.1524949073791504
3693,65.08402606266463,0.9553160071372986,-0.04542821645736694,9.805473327636719,-1.4441553503274918e-05,-0.0007846981170587242,0.012942057102918625,3.1526198387145996
3694,65.13402606340969,0.8260617256164551,0.04610663652420044,9.813287734985352,1.4555989764630795e-05,0.0014041875256225467,-0.012802638113498688,3.1524949073791504
3695,65.18402606415475,0.9253199100494385,-0.04510146379470825,9.805103302001953,-1.1906318832188845e-05,-0.0007590139866806567,0.012746576219797134,3.1526198387145996
3696,65.23402606489981,0.7957431077957153,0.04643136262893677,9.81326675415039,1.1513824574649334e-05,0.0014169295318424702,-0.012613113038241863,3.1525001525878906
3697,65.28402606564487,0.8953104615211487,-0.04477483034133911,9.805164337158203,-1.2108706869184971e-05,-0.000754702661652118,0.01255352608859539,3.152625322341919
3698,65.33402606638992,0.7675512433052063,0.04173266887664795,9.813203811645508,1.0905088856816292e-05,0.0014155233511701226,-0.012423773296177387,3.1525001525878906
3699,65.38402606713498,0.8668634295463562,-0.044464945793151855,9.805181503295898,-1.0774005204439163e-05,-0.0007577606593258679,0.012359940446913242,3.152625322341919
3700,65.43402606788004,0.7394757866859436,0.04703414440155029,9.813332557678223,9.340932592749596e-06,0.0014087570598348975,-0.012235269881784916,3.1525001525878906
3701,65.4840260686251,0.837742030620575,-0.04914778470993042,9.805197715759277,-1.042999792844057e-05,-0.0007645767764188349,0.012168966233730316,3.152625322341919
3702,65.53402606937016,0.7120295763015747,0.05232900381088257,9.813146591186523,8.839648216962814e-06,0.0014003124088048935,-0.01204630732536316,3.15250563621521
3703,65.58402607011521,0.8110747933387756,-0.058857858180999756,9.805481910705566,-7.962808012962341e-06,-0.0007736349361948669,0.011977431364357471,3.152630567550659
3704,65.63402607086027,0.6872067451477051,0.06759607791900635,9.813072204589844,8.168746717274189e-06,0.0013770636869594455,-0.011851283721625805,3.15250563621521
3705,65.68402607160533,0.7923011779785156,-0.06365424394607544,9.805130958557129,-9.189941920340061e-06,-0.0008247760124504566,0.01177230291068554,3.152625322341919
3706,65.73402607235039,0.6733014583587646,0.047742247581481934,9.812983512878418,7.737195119261742e-06,0.0012990200193598866,-0.011641666293144226,3.15250563621521
3707,65.78402607309545,0.7854966521263123,-0.038579702377319336,9.805153846740723,-7.417518645524979e-06,-0.0009163874201476574,0.011554276570677757,3.152625322341919
3708,65.8340260738405,0.6702207326889038,0.03777211904525757,9.81287956237793,5.098874680697918e-06,0.0012054952094331384,-0.011419753544032574,3.1525166034698486
3709,65.88402607458556,0.7854359745979309,-0.03357994556427002,9.804889678955078,-7.695634849369526e-06,-0.0010047692339867353,0.011325138621032238,3.152630567550659
3710,65.93402607533062,0.6722230315208435,0.027747273445129395,9.813079833984375,4.916335456073284e-06,0.0011293472489342093,-0.011187379248440266,3.1525111198425293
3711,65.98402607607568,0.78919917345047,-0.028621315956115723,9.80516242980957,-4.4050393626093864e-06,-0.0010689320042729378,0.01108643226325512,3.152630567550659
3712,66.03402607682074,0.6772623062133789,0.03269118070602417,9.813115119934082,2.189655788242817e-06,0.0010782283497974277,-0.010944141075015068,3.152522087097168
3713,66.0840260775658,0.7925342321395874,-0.038658082485198975,9.805315971374512,-2.4568289518356323e-06,-0.0011105447774752975,0.010837096720933914,3.152630567550659
3714,66.13402607831085,0.6823983788490295,0.04263436794281006,9.81314754486084,1.618056558072567e-06,0.0010475891176611185,-0.010692293755710125,3.152522087097168
3715,66.18402607905591,0.7987123727798462,-0.048726022243499756,9.805307388305664,3.2992102205753326e-07,-0.0011341505451127887,0.010578632354736328,3.152630567550659
3716,66.23402607980097,0.6879225373268127,0.057573914527893066,9.813297271728516,-1.548323780298233e-08,0.0010306864278391004,-0.010429594665765762,3.1525166034698486
3717,66.28402608054603,0.8059002757072449,-0.05380415916442871,9.80533504486084,5.78584149479866e-07,-0.0011485641589388251,0.010310125537216663,3.1526198387145996
3718,66.33402608129109,0.6937568187713623,0.04250824451446533,9.813365936279297,-1.728883944451809e-06,0.0010220411932095885,-0.010156986303627491,3.152522087097168
3719,66.38402608203614,0.8114432692527771,-0.03886348009109497,9.805170059204102,2.0863953977823257e-06,-0.0011572428047657013,0.010031092911958694,3.152625322341919
3720,66.4340260827812,0.7013231515884399,0.04242473840713501,9.813471794128418,-4.330184310674667e-06,0.001016699825413525,-0.009873785078525543,3.152522087097168
3721,66.48402608352626,0.8180734515190125,-0.03893536329269409,9.805315017700195,5.604117177426815e-06,-0.0011628748616203666,0.009742007590830326,3.1526198387145996
3722,66.53402608427132,0.7072257995605469,0.03235858678817749,9.81326675415039,-5.380366928875446e-06,0.0010138292564079165,-0.009579227305948734,3.152522087097168
3723,66.58402608501638,0.8260695338249207,-0.02902132272720337,9.805418014526367,6.122514605522156e-06,-0.0011665659258142114,0.009440774098038673,3.152625322341919
3724,66.63402608576143,0.7141729593276978,0.03228187561035156,9.813294410705566,-6.418791599571705e-06,0.0010113103780895472,-0.009273446165025234,3.1525330543518066
3725,66.68402608650649,0.8322858214378357,-0.03908860683441162,9.805289268493652,7.3534902185201645e-06,-0.0011704693315550685,0.009128172881901264,3.152625322341919
3726,66.73402608725155,0.7221194505691528,0.03719437122344971,9.813321113586426,-8.406932465732098e-06,0.0010102998930960894,-0.008955777622759342,3.1525275707244873
3727,66.78402608799661,0.8396087884902954,-0.034167468547821045,9.805315971374512,8.363625966012478e-06,-0.001174527918919921,0.008803953416645527,3.1526198387145996
3728,66.83402608874167,0.7290211319923401,0.03211808204650879,9.813230514526367,-9.003560990095139e-06,0.001008791965432465,-0.008626111783087254,3.152538537979126
3729,66.88402608948672,0.8471351861953735,-0.039248764514923096,9.805379867553711,9.487615898251534e-06,-0.0011777887120842934,0.008467280305922031,3.1526198387145996
3730,66.93402609023178,0.7370792627334595,0.04703003168106079,9.813178062438965,-9.576207958161831e-06,0.0010076138423755765,-0.008283751085400581,3.152538537979126
3731,66.98402609097684,0.8549764156341553,-0.04433339834213257,9.80544376373291,1.023407094180584e-05,-0.0011816166806966066,0.008117787539958954,3.1526198387145996
3732,67.0340260917219,0.7446107268333435,0.0419466495513916,9.813087463378906,-1.0721269063651562e-05,0.0010060092899948359,-0.007928387261927128,3.152538537979126
3733,67.08402609246696,0.8632975816726685,-0.03442257642745972,9.805389404296875,1.0496005415916443e-05,-0.0011854510521516204,0.007755140773952007,3.1526143550872803
3734,67.13402609321201,0.7526041865348816,0.021856963634490967,9.813151359558105,-1.1340365745127201e-05,0.0010039790067821741,-0.007559781428426504,3.152538537979126
3735,67.18402609395707,0.8716774582862854,-0.019511759281158447,9.80533504486084,1.1048628948628902e-05,-0.0011875698110088706,0.0073738847859203815,3.1526198387145996
3736,67.23402609470213,0.7608758807182312,0.02676546573638916,9.813136100769043,-1.1469703167676926e-05,0.0009930997621268034,-0.007147924974560738,3.152538537979126
3737,67.28402609544719,0.8792130947113037,-0.024592816829681396,9.805319786071777,1.235294621437788e-05,-0.0011669613886624575,0.006954510696232319,3.15260910987854
3738,67.33402609619225,0.7701787352561951,0.011662065982818604,9.813277244567871,-1.251528738066554e-05,0.0009629424894228578,-0.006754456553608179,3.1525492668151855
3739,67.3840260969373,0.8861878514289856,-0.009665906429290771,9.805188179016113,1.196784432977438e-05,-0.0011386875994503498,0.006561955437064171,3.15260910987854
3740,67.43402609768236,0.7809560298919678,0.01654350757598877,9.813102722167969,-1.1199619621038437e-05,0.0009294910705648363,-0.006352195516228676,3.1525492668151855
3741,67.48402609842742,0.893572211265564,-0.01474541425704956,9.805485725402832,1.3026641681790352e-05,-0.0011123275617137551,0.006151961628347635,3.15260910987854
3742,67.53402609917248,0.7914672493934631,0.011427462100982666,9.812772750854492,-1.0891759302467108e-05,0.0008944268920458853,-0.005934375803917646,3.1525492668151855
3743,67.58402609991754,0.9015376567840576,-0.009830474853515625,9.805468559265137,1.0690069757401943e-05,-0.0010846089571714401,0.005725170485675335,3.15260910987854
3744,67.6340261006626,0.8027661442756653,0.006302058696746826,9.812949180603027,-1.130677992478013e-05,0.0008593402453698218,-0.005500074476003647,3.1525492668151855
3745,67.68402610140765,0.9088276028633118,-0.009907841682434082,9.805413246154785,1.2120697647333145e-05,-0.0010554364416748285,0.005281285382807255,3.15260910987854
3746,67.73402610215271,0.8143877983093262,0.016174733638763428,9.812850952148438,-1.1543044820427895e-05,0.000823447247967124,-0.005047961138188839,3.152560234069824
3747,67.78402610289777,0.9170024991035461,-0.01499474048614502,9.805590629577637,1.086946576833725e-05,-0.0010259244590997696,0.00481904111802578,3.15260910987854
3748,67.83402610364283,0.8256929516792297,0.01104956865310669,9.812479972839355,-1.0632909834384918e-05,0.000786936841905117,-0.0045769913122057915,3.152560234069824
3749,67.88402610438789,0.925603449344635,-0.010085821151733398,9.80588436126709,1.0581687092781067e-05,-0.0009955187560990453,0.004337341524660587,3.1526036262512207
3750,67.93402610513294,0.8379944562911987,0.01091378927230835,9.81234073638916,-9.970623068511486e-06,0.0007396209402941167,-0.0040786718018352985,3.1525657176971436
3751,67.984026105878,0.9346203207969666,-0.010181963443756104,9.805904388427734,8.89867078512907e-06,-0.00094492023345083,0.0038339714519679546,3.1526036262512207
3752,68.03402610662306,0.8518649935722351,0.01076042652130127,9.812121391296387,-7.652619387954473e-06,0.0006679901853203773,-0.003573967842385173,3.152560234069824
3753,68.08402610736812,0.941713273525238,-0.015257000923156738,9.806199073791504,8.748320396989584e-06,-0.0008767565013840795,0.0033142014872282743,3.1526036262512207
3754,68.13402610811318,0.866260290145874,0.015601813793182373,9.81190013885498,-6.728514563292265e-06,0.000596917700022459,-0.00304203643463552,3.152570962905884
3755,68.18402610885823,0.9489712715148926,-0.005332589149475098,9.806297302246094,6.271584425121546e-06,-0.0008077636011876166,0.0027651519048959017,3.152592658996582
3756,68.23402610960329,0.8811429142951965,0.0004360079765319824,9.811639785766602,-5.615293048322201e-06,0.0005199208972044289,-0.002476177643984556,3.1525657176971436
3757,68.28402611034835,0.9564353823661804,-0.005410969257354736,9.80666732788086,4.558300133794546e-06,-0.0007373432745225728,0.002176179550588131,3.152587413787842
3758,68.33402611109341,0.8970270156860352,0.005260944366455078,9.811222076416016,-4.321016604080796e-06,0.0004392698174342513,-0.001860584830865264,3.152570962905884
3759,68.38402611183847,0.9642946720123291,-0.005492746829986572,9.80692195892334,4.545319825410843e-06,-0.000666334293782711,0.0015210866695269942,3.152592658996582
3760,68.43402611258352,0.913985013961792,7.277727127075195e-05,9.810956954956055,-3.281806129962206e-06,0.00035230876528657973,-0.0011479801032692194,3.152570962905884
3761,68.48402611332858,0.9738123416900635,0.009409070014953613,9.806976318359375,1.575099304318428e-06,-0.0005959002883173525,0.0007183747948147357,3.1525819301605225
3762,68.53402611407364,0.9301886558532715,-0.010107934474945068,9.810809135437012,-3.6496203392744064e-07,0.0002782844239845872,-0.00034571264404803514,3.152576446533203
3763,68.5840261148187,0.9747915863990784,0.009402334690093994,9.807705879211426,1.570413587614894e-06,-0.00046719738747924566,0.0001230134948855266,3.1525819301605225
3764,68.63402611556376,0.9317651987075806,-0.010125994682312012,9.81068229675293,-5.730544216930866e-07,0.000275064492598176,-3.748306698980741e-05,3.1525819301605225
3765,68.68402611630881,0.9601051211357117,0.00956493616104126,9.808303833007812,8.186907507479191e-07,-0.00027369961026124656,3.7650493140972685e-06,3.1525819301605225
3766,68.73402611705387,0.9170645475387573,-0.009963512420654297,9.810699462890625,1.1070515029132366e-06,0.00032826425740495324,-5.304381829773774e-06,3.152576446533203
3767,68.78402611779893,0.9303679466247559,0.009890913963317871,9.8087739944458,8.405950211454183e-07,-5.483196582645178e-05,-3.934566848329268e-06,3.152576446533203
3768,68.83402611854399,0.8917011022567749,-0.009686410427093506,9.810349464416504,1.855863956734538e-06,0.00038014957681298256,-4.170786723989295e-06,3.152576446533203
3769,68.88402611928905,0.8946765661239624,0.010280728340148926,9.808987617492676,-5.321635399013758e-08,0.00012725441774819046,-4.15220392824267e-06,3.152576446533203
3770,68.9340261200341,0.8625400066375732,-0.00936877727508545,9.809972763061523,2.2354652173817158e-07,0.000396460120100528,-4.0807926779962145e-06,3.1525819301605225
3771,68.98402612077916,0.858035147190094,0.010680317878723145,9.80897331237793,4.362373147159815e-07,0.00025195605121552944,-4.066671863256488e-06,3.1525819301605225
3772,69.03402612152422,0.8274667859077454,-0.01398688554763794,9.831014633178711,6.523914635181427e-07,0.0006079411250539124,-3.9003921301628e-06,3.1525819301605225
3773,69.08402612226928,0.6006932258605957,0.013498663902282715,9.853514671325684,8.814968168735504e-07,0.005936384666711092,-6.172791472636163e-06,3.1525819301605225
3774,69.13402612301434,1.0180089473724365,-0.016115665435791016,9.771614074707031,2.4124514311552048e-05,-0.006140919867902994,0.003763015614822507,3.15260910987854
3775,69.1840261237594,-0.45321881771087646,0.059994906187057495,9.845682144165039,0.0001023951917886734,0.014748542569577694,-0.04862825945019722,3.152362823486328
3776,69.23402612450445,0.08866491913795471,-0.0858936607837677,9.73945140838623,3.841554280370474e-05,0.0013617672957479954,0.00029216872644610703,3.1526575088500977
3777,69.28402612524951,0.06545805931091309,0.0993553102016449,9.851856231689453,4.294980317354202e-05,0.01238727755844593,-0.046724218875169754,3.1523406505584717
3778,69.33402612599457,0.33892929553985596,-0.01352354884147644,9.758528709411621,0.00012705777771770954,-0.0030753440223634243,-0.05137987807393074,3.1521108150482178
3779,69.38402612673963,-0.24200713634490967,-0.08243705332279205,9.827790260314941,-0.00020963139832019806,0.005459334701299667,-0.0392196923494339,3.152268171310425
3780,69.43402612748469,-0.20418985188007355,0.00720079243183136,9.820990562438965,0.00012192287249490619,-0.000319482060149312,-0.0016616648063063622,3.1523849964141846
3781,69.48402612822974,0.6274865865707397,0.008150696754455566,9.792571067810059,-0.0002646641805768013,0.007816108874976635,0.043493546545505524,3.1524784564971924
3782,69.5340261289748,0.022528624162077904,-0.005341138690710068,9.789057731628418,-4.24310564994812e-05,-0.011591747403144836,0.007018063683062792,3.1524949073791504
3783,69.58402612971986,0.24145108461380005,0.03736390173435211,9.848982810974121,0.0003210250288248062,0.009984461590647697,-0.04691983759403229,3.1523351669311523
3784,69.63402613046492,-0.9539701342582703,-0.024698197841644287,9.821496963500977,0.0001345719792880118,-0.0004985315026715398,-0.0013265557354316115,3.1523516178131104
3785,69.68402613120998,1.4231473207473755,-0.04566633701324463,9.743301391601562,-4.906998947262764e-05,0.0013736113905906677,0.048159949481487274,3.152630567550659
3786,69.73402613195503,-0.17461207509040833,0.15683157742023468,9.859561920166016,-9.653496090322733e-05,-0.0013691441854462028,-0.049743372946977615,3.1520767211914062
3787,69.78402613270009,-1.093092918395996,-0.20818018913269043,9.824128150939941,-2.0802253857254982e-05,-0.002170519670471549,0.00016637529188301414,3.1525330543518066
3788,69.83402613344515,2.5017433166503906,0.021820545196533203,9.704984664916992,0.0001849345862865448,-0.013328330591320992,0.04917837306857109,3.1528499126434326
3789,69.88402613419021,-0.5900992751121521,0.161505788564682,9.915814399719238,0.0003190375864505768,0.01104653812944889,-0.0475483275949955,3.1524178981781006
3790,69.93402613493527,-0.882710337638855,-0.1548701524734497,9.836832046508789,4.5762863010168076e-07,0.0015040560392662883,0.04819834604859352,3.152902603149414
3791,69.98402613568032,-1.0340195894241333,0.19131416082382202,9.785320281982422,-0.00018126238137483597,-0.003123747417703271,-0.0013700632844120264,3.1523849964141846
3792,70.03402613642538,3.0837924480438232,-0.10835075378417969,9.668703079223633,-0.00019789114594459534,-0.020914223045110703,0.01168169267475605,3.152440071105957
3793,70.08402613717044,0.6347680687904358,0.048370540142059326,9.894375801086426,8.033215999603271e-05,0.007751466706395149,-0.046990931034088135,3.152156114578247
3794,70.1340261379155,-0.7566772103309631,-0.1265891194343567,9.879708290100098,-1.6579171642661095e-05,0.001439581043086946,0.047597531229257584,3.152625322341919
3795,70.18402613866056,-1.5300700664520264,0.1761564016342163,9.853804588317871,0.0001274850219488144,0.014508945867419243,-0.048659224063158035,3.152127742767334
3796,70.23402613940561,-0.8739874362945557,-0.17043191194534302,9.778321266174316,-0.0002293633297085762,0.0005573008675128222,0.04759611934423447,3.152576446533203
3797,70.28402614015067,0.5152425765991211,0.1695418357849121,9.703577995300293,-0.00031483685597777367,-0.007245669141411781,-0.0005793391028419137,3.152048349380493
3798,70.33402614089573,3.736320972442627,-0.052973270416259766,9.706226348876953,-0.0003020726144313812,-0.020022602751851082,-0.04345747455954552,3.1517181396484375
3799,70.38402614164079,-0.11711478233337402,-0.17398440837860107,9.958441734313965,-0.00013884622603654861,0.00956791266798973,0.0465991385281086,3.1521730422973633
3800,70.43402614238585,-0.7311511039733887,0.16709381341934204,9.866387367248535,-3.352295607328415e-05,0.0020943963900208473,-0.04793616756796837,3.1516826152801514
3801,70.4840261431309,-1.4718937873840332,-0.21480834484100342,9.847029685974121,-8.678808808326721e-05,0.014604613184928894,0.048030510544776917,3.1521615982055664
3802,70.53402614387596,-0.8089730143547058,0.17284643650054932,9.775537490844727,0.00026530577451922,0.0004485645331442356,-0.0475257970392704,3.151700496673584
3803,70.58402614462102,-1.390602469444275,-0.1806095838546753,9.812636375427246,-0.00014224089682102203,0.01067882589995861,0.04834066331386566,3.1522011756896973
3804,70.63402614536608,0.6238295435905457,0.07815283536911011,9.685566902160645,0.00038727186620235443,-0.021353868767619133,0.0016923851799219847,3.1522514820098877
3805,70.68402614611114,3.1085903644561768,0.05753374099731445,9.739740371704102,0.00040669413283467293,-0.005433170590549707,-0.0479418970644474,3.152048349380493
3806,70.7340261468562,0.27491581439971924,-0.09282974898815155,9.916488647460938,0.00021699396893382072,-0.004140996839851141,0.04783793166279793,3.1525492668151855
3807,70.78402614760125,-1.2441983222961426,0.18831896781921387,9.90013313293457,0.00018239393830299377,0.01285042054951191,-0.04739523306488991,3.1520936489105225
3808,70.83402614834631,-0.6600918769836426,-0.16253387928009033,9.799934387207031,-9.704387048259377e-05,0.0005247773951850832,0.047380365431308746,3.152560234069824
3809,70.88402614909137,-1.292655348777771,0.1937565803527832,9.822674751281738,0.0001445431262254715,0.011526836082339287,-0.04800061509013176,3.1520652770996094
3810,70.93402614983643,-0.5804471969604492,-0.16852915287017822,9.771674156188965,-0.00029780808836221695,-0.002646678127348423,0.046998679637908936,3.152522087097168
3811,70.98402615058149,1.015607237815857,0.16448581218719482,9.697575569152832,-0.0003300374373793602,-0.011755510233342648,0.0035955628845840693,3.1520426273345947
3812,71.03402615132654,3.412654161453247,-0.0394597053527832,9.756153106689453,-0.00030475202947854996,-0.013438054360449314,-0.04735078662633896,3.151688575744629
3813,71.0840261520716,-0.833965539932251,-0.1613488793373108,9.967107772827148,-0.0001972578465938568,0.010248801670968533,0.0468127615749836,3.152139186859131
3814,71.13402615281666,-0.5336270332336426,0.1401679515838623,9.836970329284668,-2.912373747676611e-05,0.0006932462565600872,-0.047179851680994034,3.151664972305298
3815,71.18402615356172,-1.2357356548309326,-0.18723511695861816,9.837580680847168,-9.560864418745041e-05,0.012774752452969551,0.04769321531057358,3.1521503925323486
3816,71.23402615430678,-0.5585675239562988,0.16539713740348816,9.775691032409668,0.00022882153280079365,-0.0012399557745084167,-0.0468611940741539,3.151700496673584
3817,71.28402615505183,-1.1472166776657104,-0.1781102418899536,9.815908432006836,-0.00012667663395404816,0.009473364800214767,0.04777504876255989,3.152195453643799
3818,71.33402615579689,-0.203181192278862,0.16687935590744019,9.76215648651123,0.00031111715361475945,-0.006631928496062756,-0.045312292873859406,3.151770830154419
3819,71.38402615654195,-0.43307173252105713,-0.16054809093475342,9.808746337890625,-7.685506716370583e-05,0.004337802994996309,0.046337686479091644,3.152268171310425
3820,71.43402615728701,2.3682050704956055,0.09483695030212402,9.668012619018555,0.0001765824854373932,-0.03899415582418442,-0.0005079428665339947,3.1522011756896973
3821,71.48402615803207,7.889936923980713,0.01190805435180664,9.592488288879395,0.0002140253782272339,-0.03234723210334778,-0.0009651797008700669,3.152156114578247
3822,71.53402615877712,7.216179847717285,-0.005695343017578125,9.819503784179688,0.0001429729163646698,-0.03364717215299606,0.002687971107661724,3.1521503925323486
3823,71.58402615952218,4.267275333404541,0.07155275344848633,9.986361503601074,-0.0006663391832262278,0.0039313421584665775,-0.04097776859998703,3.1519105434417725
3824,71.63402616026724,1.7988940477371216,-0.12364077568054199,9.968250274658203,0.0006800442934036255,0.00514591857790947,0.039047569036483765,3.1522960662841797
3825,71.6840261610123,0.6008292436599731,0.16428285837173462,9.89376449584961,-0.0006012655794620514,0.02099953033030033,-0.03962646797299385,3.1518874168395996
3826,71.73402616175736,1.0803773403167725,-0.14612740278244019,9.784025192260742,0.0003937333822250366,0.006969563663005829,0.039068352431058884,3.152268171310425
3827,71.78402616250241,0.40097498893737793,0.14617398381233215,9.8090181350708,-0.0003929808735847473,0.01645238883793354,-0.039398934692144394,3.151870012283325
3828,71.83402616324747,1.0280489921569824,-0.14571040868759155,9.758769035339355,0.00020431331358850002,0.0012525874190032482,0.03874431923031807,3.1522459983825684
3829,71.88402616399253,0.420776903629303,0.14586472511291504,9.807784080505371,-0.0002451743930578232,0.011100376956164837,-0.039004113525152206,3.1518468856811523
3830,71.93402616473759,1.0694785118103027,-0.15122437477111816,9.768078804016113,0.00012255879119038582,-0.0028641237877309322,0.03838932141661644,3.152223587036133
3831,71.98402616548265,0.4620574712753296,0.14538416266441345,9.818415641784668,-0.0001663900911808014,0.008056855760514736,-0.038632094860076904,3.151829242706299
3832,72.0340261662277,1.1064343452453613,-0.1416405439376831,9.778088569641113,9.703170508146286e-05,-0.004883079789578915,0.03806520998477936,3.152195453643799
3833,72.08402616697276,0.4927509129047394,0.14004573225975037,9.825627326965332,-0.00012890389189124107,0.006692845840007067,-0.038295574486255646,3.151806116104126
3834,72.13402616771782,1.12643563747406,-0.14185363054275513,9.783413887023926,9.263679385185242e-05,-0.0056883422657847404,0.0377662368118763,3.1521730422973633
3835,72.18402616846288,0.5098733901977539,0.1348637342453003,9.829377174377441,-0.00011290470138192177,0.006160838529467583,-0.037980105727910995,3.1517884731292725
3836,72.23402616920794,1.1362920999526978,-0.14194655418395996,9.785764694213867,9.345728904008865e-05,-0.0059477644972503185,0.03747836500406265,3.152156114578247
3837,72.284026169953,0.5204511284828186,0.13475757837295532,9.830657958984375,-0.00010439008474349976,0.005974742583930492,-0.03768047317862511,3.1517767906188965
3838,72.33402617069805,1.13822340965271,-0.13695037364959717,9.787012100219727,9.574741125106812e-05,-0.005982350558042526,0.03721059113740921,3.152139186859131
3839,72.38402617144311,0.5217678546905518,0.1397499442100525,9.831087112426758,-9.79667529463768e-05,0.0059331622906029224,-0.037401869893074036,3.151759147644043
3840,72.43402617218817,1.134432077407837,-0.14189231395721436,9.787405967712402,9.679561480879784e-05,-0.00592731311917305,0.03695743530988693,3.1521220207214355
3841,72.48402617293323,0.5192130208015442,0.13478267192840576,9.831245422363281,-9.550480172038078e-05,0.005934435408562422,-0.03713591396808624,3.151747465133667
3842,72.53402617367828,1.1232131719589233,-0.13675594329833984,9.787615776062012,9.642122313380241e-05,-0.005855766125023365,0.036712534725666046,3.1521050930023193
3843,72.58402617442334,0.5129216909408569,0.13485372066497803,9.831135749816895,-9.329710155725479e-05,0.005936034489423037,-0.0368763692677021,3.151735782623291
3844,72.6340261751684,1.1144073009490967,-0.13664579391479492,9.787630081176758,9.12458635866642e-05,-0.005791308358311653,0.0364701971411705,3.152088165283203
3845,72.68402617591346,0.5021766424179077,0.12996917963027954,9.830992698669434,-8.899718523025513e-05,0.005925037432461977,-0.036620087921619415,3.1517181396484375
3846,72.73402617665852,1.1031311750411987,-0.13151049613952637,9.787846565246582,9.022559970617294e-05,-0.00573686882853508,0.036228734999895096,3.1520767211914062
3847,72.78402617740358,0.4964127540588379,0.12503370642662048,9.830689430236816,-8.590565994381905e-05,0.005903827026486397,-0.03636598959565163,3.1517062187194824
3848,72.83402617814863,1.0912690162658691,-0.12137013673782349,9.788063049316406,8.640903979539871e-05,-0.005691291764378548,0.03598879277706146,3.152059555053711
3849,72.88402617889369,0.4875160753726959,0.12012919783592224,9.830351829528809,-8.262274786829948e-05,0.005876476876437664,-0.03611414507031441,3.1516945362091064
3850,72.93402617963875,1.0779913663864136,-0.12621653079986572,9.788321495056152,8.463999256491661e-05,-0.0056517585180699825,0.03574957698583603,3.1520426273345947
3851,72.98402618038381,0.48121362924575806,0.12519881129264832,9.830361366271973,-8.005741983652115e-05,0.005844013299793005,-0.035863880068063736,3.151688575744629
3852,73.03402618112887,1.0660125017166138,-0.12607747316360474,9.788227081298828,8.059432730078697e-05,-0.005613742861896753,0.03551071137189865,3.152031183242798
3853,73.08402618187392,0.47173333168029785,0.12529924511909485,9.830218315124512,-7.679546251893044e-05,0.005809787195175886,-0.03561418130993843,3.1516709327697754
3854,73.13402618261898,1.057106614112854,-0.1309720277786255,9.78859806060791,7.693469524383545e-05,-0.005577364936470985,0.035272445529699326,3.152019739151001
3855,73.18402618336404,0.46037936210632324,0.12541845440864563,9.829998970031738,-7.304036989808083e-05,0.005774859804660082,-0.035366348922252655,3.1516590118408203
3856,73.2340261841091,1.0451785326004028,-0.12583518028259277,9.788620948791504,7.489463314414024e-05,-0.0055421763099730015,0.03503525257110596,3.152008295059204
3857,73.28402618485416,0.45469963550567627,0.13048005104064941,9.830085754394531,-6.95791095495224e-05,0.005738553591072559,-0.03512025251984596,3.1516530513763428
3858,73.33402618559921,1.0337213277816772,-0.13570481538772583,9.788641929626465,7.159914821386337e-05,-0.005507337395101786,0.034797582775354385,3.1519968509674072
3859,73.38402618634427,0.44646942615509033,0.13056686520576477,9.829901695251465,-6.744451820850372e-05,0.0057027000002563,-0.03487490862607956,3.151641368865967
3860,73.43402618708933,1.0224183797836304,-0.1305755376815796,9.78893756866455,6.838701665401459e-05,-0.005472478456795216,0.034561581909656525,3.1519854068756104
3861,73.48402618783439,0.43699055910110474,0.13066598773002625,9.829797744750977,-6.60112127661705e-05,0.0056659746915102005,-0.03463129326701164,3.151641368865967
3862,73.53402618857945,1.012263298034668,-0.13546019792556763,9.788918495178223,6.531411781907082e-05,-0.005437416490167379,0.03432639315724373,3.151979684829712
3863,73.5840261893245,0.4293903708457947,0.13074570894241333,9.82984733581543,-6.268499419093132e-05,0.005629774183034897,-0.03438866138458252,3.1516294479370117
3864,73.63402619006956,1.0009645223617554,-0.1303328275680542,9.78897762298584,6.281817331910133e-05,-0.005403943359851837,0.03409281000494957,3.151968240737915
3865,73.68402619081462,0.42048758268356323,0.1258380115032196,9.829702377319336,-5.9950631111860275e-05,0.005593309178948402,-0.0341474823653698,3.151623487472534
3866,73.73402619155968,0.987216591835022,-0.12018018960952759,9.789233207702637,6.013642996549606e-05,-0.005368722602725029,0.03385915234684944,3.151956558227539
3867,73.78402619230474,0.4177878797054291,0.11586746573448181,9.829435348510742,-5.6649092584848404e-05,0.005557422060519457,-0.033907756209373474,3.151611566543579
3868,73.8340261930498,0.973314106464386,-0.12502765655517578,9.789451599121094,5.676131695508957e-05,-0.005334632005542517,0.03362729027867317,3.1519508361816406
3869,73.88402619379485,0.4078393578529358,0.13097050786018372,9.829408645629883,-5.303509533405304e-05,0.005521104671061039,-0.03367011249065399,3.1516056060791016
3870,73.93402619453991,0.966911256313324,-0.1299533247947693,9.789583206176758,5.2951276302337646e-05,-0.005300332326442003,0.0333961546421051,3.1519393920898438
3871,73.98402619528497,0.3988901972770691,0.12106233835220337,9.829185485839844,-5.1577575504779816e-05,0.005484547466039658,-0.033433523029088974,3.151599645614624
3872,74.03402619603003,0.9543656706809998,-0.12481480836868286,9.789759635925293,5.157617852091789e-05,-0.0052658268250525,0.03316587954759598,3.151927947998047
3873,74.08402619677508,0.39384129643440247,0.12611526250839233,9.82907485961914,-4.870723932981491e-05,0.005449388641864061,-0.033198390156030655,3.151599645614624
3874,74.13402619752014,0.9442164897918701,-0.1297028660774231,9.78985595703125,4.9048569053411484e-05,-0.005231700837612152,0.03293801099061966,3.1519219875335693
3875,74.1840261982652,0.3837970793247223,0.13121822476387024,9.828969955444336,-4.559708759188652e-05,0.005412527825683355,-0.03296481817960739,3.1515936851501465
3876,74.23402619901026,0.9341683983802795,-0.12459170818328857,9.790108680725098,4.5746099203825e-05,-0.005198334343731403,0.03271093592047691,3.1519105434417725
3877,74.28402619975532,0.37725192308425903,0.11128437519073486,9.828782081604004,-4.443340003490448e-05,0.005377199500799179,-0.03273302689194679,3.1515817642211914
3878,74.33402620050038,0.9204287528991699,-0.11444252729415894,9.790323257446289,4.401989281177521e-05,-0.005164049565792084,0.032484546303749084,3.151904821395874
3879,74.38402620124543,0.3747560977935791,0.12131178379058838,9.828594207763672,-4.166737198829651e-05,0.005341795738786459,-0.03250282257795334,3.151575803756714
3880,74.43402620199049,0.909031867980957,-0.11931866407394409,9.790458679199219,4.269042983651161e-05,-0.005130189936608076,0.03226018324494362,3.1518988609313965
3881,74.48402620273555,0.36336350440979004,0.11642688512802124,9.82856559753418,-3.896094858646393e-05,0.005305562634021044,-0.032273679971694946,3.151575803756714
3882,74.53402620348061,0.9026359915733337,-0.12424701452255249,9.790432929992676,3.932788968086243e-05,-0.005096747539937496,0.03203733637928963,3.1518874168395996
3883,74.58402620422567,0.35582059621810913,0.12150415778160095,9.828496932983398,-3.8277823477983475e-05,0.0052702706307172775,-0.032047089189291,3.151563882827759
3884,74.63402620497072,0.8913445472717285,-0.11912453174591064,9.790645599365234,3.697769716382027e-05,-0.005063295364379883,0.03181562200188637,3.151881694793701
3885,74.68402620571578,0.34818026423454285,0.11658146977424622,9.8284273147583,-3.6644283682107925e-05,0.005234431475400925,-0.03182225301861763,3.151563882827759
3886,74.73402620646084,0.8838038444519043,-0.1140410304069519,9.790620803833008,3.564683720469475e-05,-0.0050301398150622845,0.031595613807439804,3.151881694793701
3887,74.7840262072059,0.3405400514602661,0.11165857315063477,9.828435897827148,-3.345077857375145e-05,0.005199709441512823,-0.03159870207309723,3.1515579223632812
3888,74.83402620795096,0.8712131381034851,-0.11390626430511475,9.790756225585938,3.343820571899414e-05,-0.004997104872018099,0.03137647360563278,3.151870012283325
3889,74.88402620869601,0.33790069818496704,0.10668575763702393,9.82828426361084,-3.18232923746109e-05,0.005164705216884613,-0.031376760452985764,3.1515579223632812
3890,74.93402620944107,0.8562251925468445,-0.10374659299850464,9.790932655334473,3.074854612350464e-05,-0.004964581225067377,0.03115987963974476,3.1518642902374268
3891,74.98402621018613,0.33531129360198975,0.10671254992485046,9.828132629394531,-2.871965989470482e-05,0.005130232311785221,-0.03115690127015114,3.151546001434326
3892,75.03402621093119,0.8460328578948975,-0.11363750696182251,9.79110336303711,3.0385330319404602e-05,-0.004931246396154165,0.03094400465488434,3.151852607727051
3893,75.08402621167625,0.32527419924736023,0.11181405186653137,9.827946662902832,-2.6551540940999985e-05,0.005095218773931265,-0.03093900717794895,3.1515398025512695
3894,75.1340262124213,0.8397464156150818,-0.10856801271438599,9.791193962097168,2.69254669547081e-05,-0.004899077583104372,0.030730219557881355,3.1518468856811523
3895,75.18402621316636,0.3176378607749939,0.10689052939414978,9.828071594238281,-2.5220680981874466e-05,0.005060805473476648,-0.030722690746188164,3.1515398025512695
3896,75.23402621391142,0.8296578526496887,-0.10846024751663208,9.79128646850586,2.5743618607521057e-05,-0.004866700153797865,0.030518291518092155,3.1518468856811523
3897,75.28402621465648,0.3088020384311676,0.10697948932647705,9.827651023864746,-2.3877248167991638e-05,0.005026461556553841,-0.03050827607512474,3.151533842086792
3898,75.33402621540154,0.8208217024803162,-0.10836565494537354,9.79161262512207,2.3467931896448135e-05,-0.004834769293665886,0.030307646840810776,3.1518352031707764
3899,75.3840262161466,0.3062174320220947,0.10700592398643494,9.827655792236328,-2.1678395569324493e-05,0.0049928221851587296,-0.030295347794890404,3.1515398025512695
3900,75.43402621689165,0.810736358165741,-0.1082579493522644,9.791586875915527,2.2077001631259918e-05,-0.004803072195500135,0.03009871579706669,3.1518352031707764
3901,75.48402621763671,0.2986341714859009,0.10708215832710266,9.827506065368652,-1.885741949081421e-05,0.004959577694535255,-0.03008456900715828,3.151533842086792
3902,75.53402621838177,0.7969014644622803,-0.1081123948097229,9.791878700256348,1.9969884306192398e-05,-0.004771244712173939,0.02989157848060131,3.151829242706299
3903,75.58402621912683,0.2936015725135803,0.11213269829750061,9.827316284179688,-1.8399208784103394e-05,0.00492545310407877,-0.029875388368964195,3.1515278816223145
3904,75.63402621987188,0.7929647564888,-0.11806893348693848,9.792043685913086,1.7588958144187927e-05,-0.004739630967378616,0.029686475172638893,3.1518235206604004
3905,75.68402622061694,0.28976932168006897,0.11217132210731506,9.827203750610352,-1.609697937965393e-05,0.004893327131867409,-0.029668064787983894,3.1515278816223145
3906,75.734026221362,0.7817344069480896,-0.10794985294342041,9.792136192321777,1.670653000473976e-05,-0.004708537366241217,0.02948283962905407,3.1518118381500244
3907,75.78402622210706,0.27713900804519653,0.10729697346687317,9.827057838439941,-1.4332588762044907e-05,0.004859344568103552,-0.02946300059556961,3.1515159606933594
3908,75.83402622285212,0.7778512239456177,-0.11290717124938965,9.792340278625488,1.479312777519226e-05,-0.004677961580455303,0.02928115427494049,3.1518118381500244
3909,75.88402622359717,0.27085891366004944,0.11236011981964111,9.826986312866211,-1.5177298337221146e-05,0.004826634656637907,-0.029259417206048965,3.1515159606933594
3910,75.93402622434223,0.7653728723526001,-0.10277575254440308,9.79235553741455,1.369323581457138e-05,-0.004647537600249052,0.029081257060170174,3.1518118381500244
3911,75.98402622508729,0.2681313455104828,0.09738683700561523,9.826950073242188,-1.1872965842485428e-05,0.004794598091393709,-0.02905784361064434,3.151510000228882
3912,76.03402622583235,0.7540433406829834,-0.1026567816734314,9.792407989501953,1.3334676623344421e-05,-0.004617059603333473,0.02888292819261551,3.1518001556396484
3913,76.08402622657741,0.2656033933162689,0.10241261124610901,9.826798439025879,-1.0117422789335251e-05,0.004762723110616207,-0.02885819785296917,3.1515159606933594
3914,76.13402622732247,0.7452151775360107,-0.10256373882293701,9.792693138122559,1.0567717254161835e-05,-0.004587115254253149,0.02868667244911194,3.15179443359375
3915,76.18402622806752,0.25927722454071045,0.10247552394866943,9.826647758483887,-1.052534207701683e-05,0.004729888401925564,-0.028660772368311882,3.151503801345825
3916,76.23402622881258,0.7376366257667542,-0.10248351097106934,9.792820930480957,8.846167474985123e-06,-0.0045566982589662075,0.028492048382759094,3.1517884731292725
3917,76.28402622955764,0.2492011934518814,0.10257577896118164,9.826498985290527,-7.885042577981949e-06,0.004698776639997959,-0.028464876115322113,3.151503801345825
3918,76.3340262303027,0.7313093543052673,-0.10241639614105225,9.792947769165039,7.550697773694992e-06,-0.004527223762124777,0.02829928509891033,3.15179443359375
3919,76.38402623104776,0.244076669216156,0.09762656688690186,9.82650375366211,-6.753019988536835e-06,0.004666557069867849,-0.028271237388253212,3.151503801345825
3920,76.43402623179281,0.7187855243682861,-0.0972856879234314,9.79284381866455,7.573980838060379e-06,-0.00449738884344697,0.0281086266040802,3.151782751083374
3921,76.48402623253787,0.24150386452674866,0.09765221178531647,9.82638931274414,-5.374196916818619e-06,0.004636142868548632,-0.028078945353627205,3.151503801345825
3922,76.53402623328293,0.71245938539505,-0.09721863269805908,9.793243408203125,5.736015737056732e-06,-0.004468813538551331,0.02792007103562355,3.151782751083374
3923,76.58402623402799,0.23637926578521729,0.09270311892032623,9.826199531555176,-4.866160452365875e-06,0.004605596419423819,-0.027889011427760124,3.151503801345825
3924,76.63402623477305,0.6973846554756165,-0.09706270694732666,9.793219566345215,3.3229589462280273e-06,-0.0044397106394171715,0.02773255854845047,3.151770830154419
3925,76.6840262355181,0.2339056432247162,0.10272805392742157,9.826202392578125,-3.052409738302231e-06,0.004574273247271776,-0.027701184153556824,3.15149188041687
3926,76.73402623626316,0.6947088241577148,-0.10703390836715698,9.793304443359375,2.666376531124115e-06,-0.0044111162424087524,0.027547011151909828,3.151770830154419
3927,76.78402623700822,0.22633548080921173,0.10280309617519379,9.826128959655762,-1.8258579075336456e-06,0.004544122610241175,-0.027515003457665443,3.15149188041687
3928,76.83402623775328,0.6821895837783813,-0.10190403461456299,9.793395042419434,9.778887033462524e-07,-0.004382919054478407,0.02736370451748371,3.1517651081085205
3929,76.88402623849834,0.2238134741783142,0.10782840847969055,9.826093673706055,-7.175840437412262e-07,0.004514449741691351,-0.027330948039889336,3.15149188041687
3930,76.9340262392434,0.6795644760131836,-0.10687530040740967,9.793440818786621,1.210719347000122e-07,-0.004354726057499647,0.027181947603821754,3.151759147644043
3931,76.98402623998845,0.2161453664302826,0.09790404140949249,9.825943946838379,4.4284388422966003e-07,0.004483969882130623,-0.027148963883519173,3.1514859199523926
3932,77.03402624073351,0.6671457290649414,-0.09174656867980957,9.793569564819336,-8.908100426197052e-07,-0.004326831083744764,0.027002250775694847,3.1517651081085205
3933,77.08402624147857,0.13617342710494995,-0.49732932448387146,9.828625679016113,-0.0399111770093441,0.005382716655731201,-0.11462289839982986,3.1492667198181152
3934,77.13402624222363,0.14681005477905273,-3.0112903118133545,9.7975435256958,-0.073654405772686,0.0007465705275535583,-0.2515130937099457,3.139832019805908
3935,77.18402624296868,-1.0707015991210938,-5.418237209320068,9.803817749023438,-0.08909675478935242,0.016224905848503113,-0.5176982283592224,3.119272232055664
3936,77.23402624371374,-1.5748848915100098,-7.780734539031982,9.72097110748291,-0.09471458196640015,0.018318697810173035,-0.7437466979026794,3.0867514610290527
3937,77.2840262444588,-2.5660085678100586,-9.411800384521484,9.668535232543945,-0.07185853272676468,0.03278746083378792,-0.9735482335090637,3.0424067974090576
3938,77.33402624520386,-1.8440098762512207,-10.089932441711426,9.573736190795898,-0.04946160316467285,0.028027690947055817,-1.0837773084640503,2.9900991916656494
3939,77.38402624594892,-1.9884390830993652,-10.203666687011719,9.573955535888672,-0.03247387707233429,0.03733237087726593,-1.2084022760391235,2.932029962539673
3940,77.43402624669397,-1.334836483001709,-10.598498344421387,9.527257919311523,-0.02535085193812847,0.03061741590499878,-1.2303730249404907,2.8708009719848633
3941,77.48402624743903,-1.571502685546875,-10.784317016601562,9.537946701049805,-0.018300354480743408,0.03872419893741608,-1.3039039373397827,2.806992292404175
3942,77.53402624818409,-1.0240416526794434,-11.227750778198242,9.496708869934082,-0.01622992567718029,0.031950004398822784,-1.2864872217178345,2.7422397136688232
3943,77.58402624892915,-1.344475269317627,-11.332554817199707,9.511205673217773,-0.011551974341273308,0.039900247007608414,-1.3363538980484009,2.6763670444488525
3944,77.6340262496742,-0.8688058853149414,-11.667438507080078,9.475013732910156,-0.010253308340907097,0.033189188688993454,-1.3011919260025024,2.6105518341064453
3945,77.68402625041927,-1.2409193515777588,-11.649599075317383,9.492854118347168,-0.006108175963163376,0.04104255139827728,-1.3409489393234253,2.5442633628845215
3946,77.73402625116432,-0.799053430557251,-11.86099910736084,9.461840629577637,-0.004899151623249054,0.03408050909638405,-1.297805666923523,2.478471517562866
3947,77.78402625190938,-1.2058868408203125,-11.703940391540527,9.484807014465332,-0.001170007511973381,0.041755229234695435,-1.3339213132858276,2.4124677181243896
3948,77.83402625265444,-0.7639193534851074,-11.856057167053223,9.456705093383789,-0.00020756293088197708,0.03434203565120697,-1.287091612815857,2.347140312194824
3949,77.8840262533995,-1.1982181072235107,-11.603166580200195,9.484601974487305,0.002963760867714882,0.04185143858194351,-1.322524905204773,2.28169846534729
3950,77.93402625414456,-0.01586735248565674,-10.911858558654785,9.483415603637695,0.061010584235191345,0.020805910229682922,-1.1328344345092773,2.2202439308166504
3951,77.98402625488961,0.695084273815155,-6.950947284698486,9.658944129943848,0.13086256384849548,0.012848537415266037,-0.8795883655548096,2.1705715656280518
3952,78.03402625563467,1.0057036876678467,-3.0754776000976562,9.750523567199707,0.10607532411813736,-0.006127416156232357,-0.5255590081214905,2.1376395225524902
3953,78.08402625637973,0.30984777212142944,-2.0556819438934326,9.786067008972168,0.06670574098825455,-6.467802450060844e-05,-0.39787614345550537,2.1154890060424805
3954,78.13402625712479,0.8534060716629028,-2.4281058311462402,9.762404441833496,0.0418352447450161,-0.010746581479907036,-0.2054506540298462,2.1016039848327637
3955,78.18402625786985,0.3407701849937439,-2.1555795669555664,9.810480117797852,0.02910841815173626,-0.0003049718216061592,-0.1836211234331131,2.092118501663208
3956,78.2340262586149,0.872052788734436,-2.1324052810668945,9.785157203674316,0.02250850945711136,-0.009114102460443974,-0.06644096225500107,2.0865564346313477
3957,78.28402625935996,0.3469884991645813,-1.5807369947433472,9.826568603515625,0.019204575568437576,0.00186608184594661,-0.09204436838626862,2.0825254917144775
3958,78.33402626010502,0.8669342398643494,-1.4694620370864868,9.793362617492676,0.01704329065978527,-0.007079072762280703,-0.0077954684384167194,2.0804951190948486
3959,78.38402626085008,0.33002999424934387,-0.9394156336784363,9.829872131347656,0.015370960347354412,0.003509370144456625,-0.05408414825797081,2.0787415504455566
3960,78.43402626159514,0.8398082256317139,-0.9027661085128784,9.794451713562012,0.013765227049589157,-0.0058286977000534534,0.016072282567620277,2.0781612396240234
3961,78.4840262623402,0.32030725479125977,-0.4729624390602112,9.829596519470215,0.012131553143262863,0.004366490989923477,-0.03883502259850502,2.077327013015747
3962,78.53402626308525,0.814170241355896,-0.526585578918457,9.793582916259766,0.010542565956711769,-0.005212264601141214,0.025313759222626686,2.0773186683654785
3963,78.58402626383031,0.30912765860557556,-0.1845814287662506,9.828523635864258,0.008954307995736599,0.004733406938612461,-0.03292342647910118,2.0768396854400635
3964,78.63402626457537,0.8094393610954285,-0.32053789496421814,9.792747497558594,0.007531427312642336,-0.004936541896313429,0.02860032580792904,2.0770440101623535
3965,78.68402626532043,0.3010183572769165,-0.02696615271270275,9.827871322631836,0.006178984418511391,0.0048604682087898254,-0.030712509527802467,2.0766940116882324
3966,78.73402626606548,0.7955115437507629,-0.19529125094413757,9.79251766204834,0.0050567337311804295,-0.00481297355145216,0.02956654690206051,2.076970338821411
3967,78.78402626681054,0.22557640075683594,0.6137219071388245,9.831093788146973,0.04259449616074562,0.005852043628692627,0.058017753064632416,2.0788204669952393
3968,78.8340262675556,0.284311980009079,2.6716761589050293,9.798813819885254,0.07373765856027603,-0.0003732261247932911,0.28766879439353943,2.0884180068969727
3969,78.88402626830066,-0.9794250726699829,5.332426071166992,9.812215805053711,0.08812572807073593,0.016273625195026398,0.4630817174911499,2.1078433990478516
3970,78.93402626904572,-1.3806557655334473,7.260992527008057,9.730578422546387,0.09135906398296356,0.016178052872419357,0.749193012714386,2.1396217346191406
3971,78.98402626979077,-2.438103675842285,9.010482788085938,9.690794944763184,0.06799976527690887,0.031551558524370193,0.9074731469154358,2.1821982860565186
3972,79.03402627053583,-1.6822749376296997,9.249211311340332,9.601332664489746,0.042426880449056625,0.024880915880203247,1.0812721252441406,2.23298978805542
3973,79.08402627128089,-1.8638339042663574,9.53640365600586,9.609432220458984,0.0286046601831913,0.03463117405772209,1.1233378648757935,2.2884950637817383
3974,79.13402627202595,-1.1650373935699463,9.494977951049805,9.567610740661621,0.0186147578060627,0.02624540589749813,1.2236948013305664,2.3477835655212402
3975,79.184026272771,-1.440699577331543,9.953843116760254,9.585548400878906,0.015233343467116356,0.034959107637405396,1.2132463455200195,2.4087467193603516
3976,79.23402627351606,-0.8656830787658691,9.952685356140137,9.549445152282715,0.01049802452325821,0.026728371158242226,1.2798888683319092,2.471468925476074
3977,79.28402627426112,-1.197946548461914,10.39906120300293,9.569308280944824,0.009578276425600052,0.035501014441251755,1.2455403804779053,2.534486770629883
3978,79.33402627500618,-0.8302445411682129,10.595442771911621,9.62261962890625,-0.00629937369376421,0.02220744639635086,1.2999213933944702,2.5984339714050293
3979,79.38402627575124,-1.2406225204467773,10.900409698486328,9.661486625671387,-0.007840478792786598,0.02895311638712883,1.2547643184661865,2.662104845046997
3980,79.4340262764963,-0.6928920745849609,10.51719856262207,9.570117950439453,-0.008666625246405602,0.019996851682662964,1.3001933097839355,2.726223945617676
3981,79.48402627724136,-8.842897415161133,30.37353515625,18.171932220458984,0.6219991445541382,-0.08764073252677917,1.263683795928955,2.7875020503997803
3982,79.53402627798641,1.7485237121582031,-13.194068908691406,5.373674392700195,0.05686695873737335,-0.09653590619564056,1.2119181156158447,2.8485612869262695
3983,79.58402627873147,1.491124153137207,11.508402824401855,8.525076866149902,-0.007219254970550537,-0.06548824906349182,1.182084083557129,2.9081239700317383
3984,79.63402627947653,0.003673076629638672,9.56628131866455,9.187997817993164,-0.004474840126931667,-0.042206693440675735,1.169499158859253,2.9669270515441895
3985,79.68402628022159,-0.24100589752197266,9.314306259155273,9.579487800598145,-0.004577295854687691,-0.0325440987944603,1.1650654077529907,3.0252513885498047
3986,79.73402628096665,-0.6465816497802734,9.197887420654297,9.801886558532715,0.005241494160145521,-0.024989932775497437,1.1607598066329956,3.083409309387207
3987,79.7840262817117,1.704356074333191,1.9742344617843628,7.565265655517578,0.34001684188842773,0.11714428663253784,1.111358404159546,3.1392765045166016
3988,79.83402628245676,0.5572423934936523,7.976924896240234,8.423871994018555,0.22110684216022491,0.10528837144374847,1.1478826999664307,3.196202039718628
3989,79.88402628320182,-1.0626325607299805,11.229122161865234,9.926262855529785,0.1599523425102234,0.09435650706291199,1.1817818880081177,3.2546491622924805
3990,79.93402628394688,-1.1308975219726562,10.942306518554688,10.182754516601562,0.11368736624717712,0.07802698761224747,1.1868104934692383,3.3139641284942627
3991,79.98402628469194,-1.2994279861450195,11.01687240600586,10.362761497497559,0.06717897951602936,0.06058471277356148,1.204945683479309,3.373924970626831
3992,80.034026285437,-1.1304540634155273,10.595375061035156,10.251897811889648,0.04558994248509407,0.04655401036143303,1.1973153352737427,3.433985710144043
3993,80.08402628618205,-0.9945249557495117,10.09365463256836,10.069609642028809,0.02879132144153118,0.0377548485994339,1.20540452003479,3.494138717651367
3994,80.13402628692711,-0.826268196105957,9.85966682434082,9.897364616394043,0.021850574761629105,0.030183997005224228,1.194022536277771,3.554086923599243
3995,80.18402628767217,-0.7521476745605469,9.54321575164795,9.766362190246582,0.015053128823637962,0.02565823495388031,1.1985355615615845,3.6139471530914307
3996,80.23402628841723,-72.67264556884766,9.257301330566406,11.362529754638672,-0.0448993444442749,0.4999321699142456,1.7258390188217163,3.694075345993042
3997,80.28402628916228,-40.310760498046875,7.825962066650391,6.5603718757629395,-0.15493318438529968,0.0476212352514267,1.1589350700378418,3.7634921073913574
3998,80.33402628990734,8.313777923583984,4.5226054191589355,8.152166366577148,-0.10614362359046936,-0.11468590795993805,0.6255228519439697,3.8050737380981445
3999,80.3840262906524,-1.8963401317596436,3.0201117992401123,9.870909690856934,-0.13402815163135529,0.04522190988063812,0.40804940462112427,3.82845139503479
4000,80.43402629139746,-11.989727020263672,-2.041505813598633,9.783841133117676,-0.09208705276250839,-0.06385957449674606,0.12987543642520905,3.8372037410736084
4001,80.48402629214252,-11.150289535522461,-2.796388626098633,9.657279968261719,-0.04848018288612366,-0.062498465180397034,0.058947980403900146,3.8420846462249756
4002,80.53402629288757,-4.202211856842041,-1.7465507984161377,9.586013793945312,-0.011586818844079971,-0.044312164187431335,0.020531022921204567,3.8439605236053467
4003,80.58402629363263,-2.3393466472625732,-1.2163584232330322,9.775520324707031,-0.017781831324100494,-0.03260337933897972,0.0016618623631075025,3.8443520069122314
4004,80.63402629437769,-2.339797258377075,-0.9606529474258423,9.830028533935547,0.0027625318616628647,-0.02516585774719715,-0.03679927811026573,3.84320330619812
4005,80.68402629512275,-0.612368106842041,-0.9755033254623413,9.796407699584961,0.00010945647954940796,-0.021922104060649872,-0.06595299392938614,3.8408761024475098
4006,80.7340262958678,-1.3150891065597534,-0.612159013748169,9.899617195129395,-0.003354273736476898,-0.018300019204616547,-0.05297583341598511,3.837982416152954
4007,80.78402629661286,-1.7860949039459229,-0.11871814727783203,9.898685455322266,0.005037309601902962,-0.014477238059043884,-0.07168477773666382,3.834721326828003
4008,80.83402629735792,-0.9947234392166138,-0.03707623481750488,9.845902442932129,0.0012683458626270294,-0.012900447472929955,-0.05425530672073364,3.831833839416504
4009,80.88402629810298,0.2900654375553131,-0.219278484582901,9.812470436096191,0.0014782426878809929,-0.009857426397502422,-0.0461849570274353,3.828983783721924
4010,80.93402629884804,-0.3833722770214081,0.0354558527469635,9.860517501831055,0.002093383576720953,-0.007588761392980814,-0.05497485399246216,3.826352119445801
4011,80.9840262995931,-0.16951590776443481,0.057509154081344604,9.852458953857422,-0.0012167333625257015,-0.005381292663514614,-0.05374229699373245,3.8236536979675293
4012,81.03402630033816,-0.05082359537482262,0.031193016096949577,9.839014053344727,0.0021694288589060307,-0.003577559720724821,-0.048921335488557816,3.820943593978882
4013,81.08402630108321,-0.13644985854625702,0.0462440550327301,9.833313941955566,-0.0015831526834517717,-0.0026214884128421545,-0.04821512848138809,3.8181848526000977
4014,81.13402630182827,-0.7242153882980347,0.12320524454116821,9.849724769592285,0.0003007908817380667,-0.001761318650096655,-0.03732585906982422,3.815762996673584
4015,81.18402630257333,-0.5731607675552368,0.06556111574172974,9.817035675048828,-0.00397120788693428,-0.0011446443386375904,-0.041518401354551315,3.8136274814605713
4016,81.23402630331839,-0.44531795382499695,0.08560097217559814,9.813048362731934,0.002644706517457962,-0.00032467953860759735,-0.02531272917985916,3.8115906715393066
4017,81.28402630406345,-0.9190264344215393,0.2525573968887329,9.817062377929688,-0.0031513930298388004,-0.00022755609825253487,-0.02373446151614189,3.8096628189086914
4018,81.3340263048085,-0.4985533356666565,0.11356842517852783,9.788511276245117,-0.007001393474638462,-0.0016942210495471954,-0.031332921236753464,3.808133363723755
4019,81.38402630555356,-0.5220639705657959,0.04314112663269043,9.808284759521484,-0.0020277006551623344,-0.00020995084196329117,-0.036049190908670425,3.806569814682007
4020,81.43402630629862,0.06287798285484314,-0.06367379426956177,9.776006698608398,-0.003490862902253866,-0.0014388784766197205,-0.018881691619753838,3.805361270904541
4021,81.48402630704368,0.003960259258747101,-0.030231676995754242,9.820292472839355,0.00023020646767690778,8.201277523767203e-05,-0.02510729804635048,3.8037612438201904
4022,81.53402630778874,0.25495272874832153,-0.06415179371833801,9.792851448059082,-0.0011337902396917343,-0.0038114269264042377,-0.05077364668250084,3.80196213722229
4023,81.5840263085338,-0.6747364401817322,0.08528673648834229,9.86250114440918,0.009641105309128761,0.0028529148548841476,-0.03671863675117493,3.800579071044922
4024,81.63402630927885,-1.6120641231536865,0.3383774757385254,9.867507934570312,0.0022263985592871904,0.002594992518424988,0.0019889604300260544,3.799851417541504
4025,81.68402631002391,-1.4543942213058472,0.35987186431884766,9.819169044494629,0.0008881445974111557,-0.007024205289781094,-0.032774362713098526,3.7988805770874023
4026,81.73402631076897,0.22356398403644562,-0.02430868148803711,9.702523231506348,0.0025399657897651196,-0.0023848440032452345,0.00944001879543066,3.798889398574829
4027,81.78402631151403,0.780083179473877,0.4613872170448303,9.753922462463379,0.004394726827740669,-0.001960857305675745,0.009164310991764069,3.799060106277466
4028,81.83402631225908,0.715948224067688,0.5455785393714905,9.807400703430176,-0.0074751172214746475,0.0004888344556093216,0.0057197436690330505,3.7998361587524414
4029,81.88402631300414,0.26278942823410034,0.11506867408752441,9.84574031829834,-0.008214822970330715,-0.004674416501075029,-0.017961814999580383,3.8003687858581543
4030,81.9340263137492,-1.5355381965637207,-0.28735125064849854,9.92236614227295,-0.001722362358123064,-0.0006194133311510086,0.03485311195254326,3.8010029792785645
4031,81.98402631449426,-2.4929468631744385,0.020186185836791992,9.850756645202637,-0.0012902140151709318,-0.000122961588203907,0.0003767634625546634,3.800999164581299
4032,82.03402631523932,-0.36918509006500244,0.08691737055778503,9.707443237304688,0.003244645893573761,0.00036535155959427357,0.0011641408782452345,3.801048994064331
4033,82.08402631598437,-0.0698743388056755,0.11536078155040741,9.760436058044434,0.0018946090713143349,-0.0010317156556993723,0.0012532519176602364,3.801112413406372
4034,82.13402631672943,-0.1055155098438263,-0.09182140231132507,9.784566879272461,-0.001841763500124216,-0.0032069755252450705,0.0006290433811955154,3.801143169403076
4035,82.18402631747449,-0.0383172482252121,0.04042569920420647,9.818720817565918,-0.004701198078691959,-0.005440549924969673,1.7931353795574978e-05,3.8011980056762695
4036,82.23402631821955,-0.09196645021438599,0.008274674415588379,9.821054458618164,0.0083497054874897,0.000682346522808075,0.002069404348731041,3.801262140274048
4037,82.2840263189646,-0.00213468074798584,0.0840325802564621,9.808405876159668,-0.0006924736080691218,-0.0001239500124938786,0.0011124499142169952,3.8013222217559814
4038,82.33402631970966,-0.06510454416275024,0.016058286651968956,9.812323570251465,0.000804757815785706,-0.00021129671949893236,0.0011597506236284971,3.8013877868652344
4039,82.38402632045472,-0.07965883612632751,0.01793636381626129,9.811210632324219,0.001767252804711461,0.0005155300023034215,0.0013685571029782295,3.801452159881592
4040,82.43402632119978,-0.09525101631879807,-0.0805901512503624,9.8201322555542,0.008347544819116592,-0.0005230940878391266,0.002196716610342264,3.8015031814575195
4041,82.48402632194484,-0.05424445867538452,0.021536370739340782,9.820752143859863,0.006538360379636288,0.0017996118403971195,0.0018421837594360113,3.8015663623809814
4042,82.5340263226899,-0.09272964298725128,-0.07463759183883667,9.809414863586426,0.007489173673093319,0.000446992926299572,0.0020013093017041683,3.8016107082366943
4043,82.58402632343495,-0.027265077456831932,0.029838982969522476,9.801548957824707,-0.003901401301845908,-0.00025301380082964897,0.00027157014119438827,3.80165958404541
4044,82.63402632418001,-0.04801053926348686,0.051734670996665955,9.808917999267578,-0.004041272681206465,-0.001958312466740608,0.0006755024078302085,3.8017122745513916
4045,82.68402632492507,-0.05110974609851837,0.08988866209983826,9.81002140045166,-0.0013111773878335953,0.0004107620334252715,0.0010074832243844867,3.801790237426758
4046,82.73402632567013,-0.08722542226314545,-0.047004103660583496,9.806285858154297,0.005536126904189587,0.0010131904855370522,0.0018531172536313534,3.8018486499786377
4047,82.78402632641519,-0.05712749436497688,-0.01703052967786789,9.808000564575195,0.0008974161464720964,-0.00042154372204095125,0.0010467040119692683,3.8019025325775146
4048,82.83402632716025,-0.07671350240707397,-0.0012193061411380768,9.824750900268555,0.00025490892585366964,-0.0015185738448053598,0.0011633428512141109,3.801964282989502
4049,82.8840263279053,-0.05117892473936081,0.03989194706082344,9.801236152648926,0.0005314202280715108,-0.0006300749955698848,0.001405842136591673,3.802034854888916
4050,82.93402632865036,-0.10575409233570099,-0.1304667890071869,9.813902854919434,0.002663740888237953,-0.0007937857881188393,0.0013978491770103574,3.8020708560943604
4051,82.98402632939542,-0.2103833258152008,-0.04894237220287323,9.814460754394531,0.0048052407801151276,0.002801569877192378,0.00759069574996829,3.80269193649292
4052,83.03402633014048,-1.1643643379211426,-0.10831928253173828,9.848971366882324,0.0002331473515368998,0.00010997173376381397,0.03915555402636528,3.8034720420837402
4053,83.08402633088554,-1.2817821502685547,0.1272515058517456,9.816706657409668,0.00360602093860507,0.00028988299891352654,0.009043226018548012,3.8042948246002197
4054,83.1340263316306,-0.97049880027771,0.009610533714294434,9.790423393249512,-0.003581654280424118,-0.0028442400507628918,0.039600204676389694,3.805659532546997
4055,83.18402633237565,-0.5798254013061523,0.11264753341674805,9.764593124389648,0.0018538023578003049,-0.0024912648368626833,0.04470006376504898,3.8074731826782227
4056,83.23402633312071,0.7053711414337158,0.10415369272232056,9.752019882202148,0.004573398269712925,0.0023088615853339434,0.02606930583715439,3.809525966644287
4057,83.28402633386577,-1.2049694061279297,-0.038208961486816406,9.857932090759277,-0.002784556243568659,0.0006276469212025404,0.04738696664571762,3.811314821243286
4058,83.33402633461083,0.35907942056655884,-0.03524726629257202,9.760724067687988,-0.002570033073425293,-0.002176568377763033,0.05573762580752373,3.813365936279297
4059,83.38402633535588,-0.2874874472618103,0.12410742044448853,9.834543228149414,-0.0008957565296441317,0.0009144162759184837,0.0165167897939682,3.815065860748291
4060,83.43402633610094,-0.632206380367279,-0.14748412370681763,9.831382751464844,0.002881275722756982,0.001105292933061719,0.05791855975985527,3.816932201385498
4061,83.484026336846,-0.6040335893630981,0.11345028877258301,9.8173189163208,-0.0014976506354287267,-0.0011271019466221333,0.021838603541254997,3.81895112991333
4062,83.53402633759106,0.0030461475253105164,-0.1118154525756836,9.782495498657227,-0.0023826640099287033,-0.004179936833679676,0.04839098080992699,3.8207788467407227
4063,83.58402633833612,0.7688786387443542,-0.020060181617736816,9.767497062683105,0.003983587957918644,-0.0012795287184417248,0.06538034975528717,3.823564291000366
4064,83.63402633908117,1.2118170261383057,0.14523792266845703,9.805213928222656,0.00340823270380497,0.003043549135327339,0.029663393273949623,3.8259048461914062
4065,83.68402633982623,-1.412665605545044,-0.0558934211730957,9.91188907623291,-0.004774480126798153,0.0013066292740404606,0.04975701496005058,3.827848434448242
4066,83.73402634057129,-0.8945002555847168,-0.03280365467071533,9.815443992614746,0.0035411929711699486,0.001377802575007081,0.029320841655135155,3.829576253890991
4067,83.78402634131635,-0.6407116055488586,-0.04568803310394287,9.798613548278809,-0.005774591118097305,-0.006707118824124336,0.04170931875705719,3.8317697048187256
4068,83.8340263420614,-0.0026584938168525696,0.05109166353940964,9.774103164672852,0.005238931626081467,0.0002680527977645397,0.03985707461833954,3.8338463306427
4069,83.88402634280646,-0.35505473613739014,0.04521816968917847,9.797748565673828,-0.0030042200814932585,-0.00016184290871024132,0.05924224853515625,3.8363523483276367
4070,83.93402634355152,-0.09895841032266617,0.08288606256246567,9.799847602844238,0.0012271839659661055,-0.0002627326175570488,0.04039076343178749,3.8388121128082275
4071,83.98402634429658,-0.17780834436416626,-0.082156240940094,9.810582160949707,-0.006864072754979134,-0.007550417445600033,0.05035169795155525,3.8413562774658203
4072,84.03402634504164,-0.595386266708374,0.13941186666488647,9.829890251159668,-0.003444358939304948,-0.0026720205787569284,0.01920444145798683,3.8434295654296875
4073,84.0840263457867,-1.3488799333572388,-0.07478451728820801,9.851593017578125,-0.005471157841384411,-0.0040025534108281136,0.0602496899664402,3.8461060523986816
4074,84.13402634653175,-1.3832541704177856,-0.02483952045440674,9.833110809326172,-0.008736672811210155,-0.005448298994451761,0.02939015068113804,3.8477566242218018
4075,84.18402634727681,-2.2714977264404297,-0.464977502822876,9.878735542297363,-0.0035743657499551773,-0.0128671545535326,0.015024162828922272,3.848158836364746
4076,84.23402634802187,-1.4686167240142822,-0.3648437261581421,9.817155838012695,0.0018875319510698318,-0.017412716522812843,-0.012373996898531914,3.8482398986816406
4077,84.28402634876693,-1.2717022895812988,-0.17326867580413818,9.78711986541748,0.012010499835014343,-0.002161093056201935,0.04549018666148186,3.8486924171447754
4078,84.33402634951199,-1.6923699378967285,0.2670614719390869,9.747833251953125,0.0005210293456912041,-0.006009005010128021,0.0004224917502142489,3.849553108215332
4079,84.38402635025705,-1.8618327379226685,-0.0001270771026611328,9.795998573303223,0.006467102095484734,0.0008945069275796413,0.05228361487388611,3.850964307785034
4080,84.4340263510021,-1.561293601989746,0.268133282661438,9.76457691192627,0.001434003235772252,-0.0030397227965295315,0.027474429458379745,3.852736473083496
4081,84.48402635174716,-1.32267165184021,0.10673189163208008,9.77302360534668,0.005535021424293518,0.0008173659443855286,0.07325544208288193,3.855071783065796
4082,84.53402635249222,-1.121341347694397,0.09068000316619873,9.778881072998047,-0.001035034190863371,-0.002532842569053173,0.03209628164768219,3.857071876525879
4083,84.58402635323728,-0.9931710958480835,-0.14866411685943604,9.787623405456543,-0.0028573768213391304,-0.003170164069160819,0.04893951117992401,3.8588755130767822
4084,84.63402635398234,-0.9071156978607178,-0.085898756980896,9.802024841308594,0.0007284278981387615,-0.003172642318531871,0.022486887872219086,3.8603105545043945
4085,84.6840263547274,-1.1016913652420044,-0.17584705352783203,9.821779251098633,-0.001950691221281886,-0.002548123011365533,0.04150915890932083,3.861894130706787
4086,84.73402635547245,-1.0872979164123535,-0.004266619682312012,9.850066184997559,0.0018228404223918915,-0.000512582715600729,0.022196466103196144,3.8631763458251953
4087,84.78402635621751,-1.2298667430877686,-0.101584792137146,9.855354309082031,-0.0033853778149932623,0.0011323904618620872,0.039474911987781525,3.864572763442993
4088,84.83402635696257,-1.2063405513763428,-0.02525508403778076,9.834234237670898,0.002706725150346756,0.0012111864052712917,0.022434677928686142,3.8657026290893555
4089,84.88402635770763,-1.2853838205337524,-0.10275804996490479,9.820479393005371,-0.0039164116606116295,0.0016225194558501244,0.03305688500404358,3.8669068813323975
4090,84.93402635845268,-1.2520807981491089,-0.04485452175140381,9.815868377685547,0.0036440598778426647,0.0014980779960751534,0.02131757140159607,3.867994785308838
4091,84.98402635919774,-1.2789827585220337,-0.08182120323181152,9.805317878723145,-0.003808300942182541,0.0019042394123971462,0.030871983617544174,3.869136333465576
4092,85.0340263599428,-1.168987512588501,-0.05922293663024902,9.808514595031738,0.0017286641523241997,0.0004323449684306979,0.013729222118854523,3.869988441467285
4093,85.08402636068786,-1.1425557136535645,-0.07155394554138184,9.792762756347656,-0.006210483610630035,0.002423168160021305,0.019994115456938744,3.870755195617676
4094,85.13402636143292,-0.5584229230880737,-0.15668386220932007,9.821939468383789,-0.029153645038604736,0.0037305913865566254,0.047237422317266464,3.87137770652771
4095,85.18402636217797,5.964228630065918,7.265890598297119,18.092504501342773,0.12006421387195587,0.03715693950653076,0.03406408801674843,3.873626947402954
4096,85.23402636292303,-6.861881256103516,-9.978970527648926,3.0001721382141113,0.007829837501049042,0.04023230820894241,-0.00749581353738904,3.8739492893218994
4097,85.28402636366809,-1.0447916984558105,1.368672490119934,9.472357749938965,-0.03313849866390228,0.04201695695519447,0.0192058514803648,3.874249219894409
4098,85.33402636441315,-0.9786442518234253,0.6965396404266357,9.649371147155762,-0.025924399495124817,0.03141946718096733,-0.016451671719551086,3.8740768432617188
4099,85.3840263651582,-1.2642738819122314,-0.20999765396118164,9.424300193786621,-0.025307878851890564,0.02251940593123436,0.017019670456647873,3.87422513961792
4100,85.43402636590326,-1.2676188945770264,-0.2848578691482544,9.49155044555664,-0.01656557060778141,0.015154441818594933,-0.01618781127035618,3.874056577682495
4101,85.48402636664832,-1.2412233352661133,-0.43950963020324707,9.56575870513916,-0.015980340540409088,0.010088594630360603,0.017103195190429688,3.8742311000823975
4102,85.53402636739338,-1.209352731704712,-0.34576404094696045,9.630762100219727,-0.00819365680217743,0.006169642321765423,-0.016139991581439972,3.874077320098877
4103,85.58402636813844,-1.1717026233673096,-0.43231338262557983,9.68289852142334,-0.009314421564340591,0.003850081004202366,0.016833100467920303,3.8742542266845703
4104,85.6340263688835,5.881039619445801,-0.3044548034667969,9.574579238891602,-0.004201814532279968,-0.05578356236219406,-0.007813462056219578,3.8738808631896973
4105,85.68402636962855,12.068059921264648,-0.4049100875854492,9.808358192443848,-0.003686375916004181,-0.06784334778785706,0.008956379257142544,3.874150037765503
4106,85.73402637037361,9.871404647827148,-0.2305622100830078,10.108394622802734,-0.0019049867987632751,-0.04610143601894379,-0.01055120024830103,3.874112129211426
4107,85.78402637111867,6.942099571228027,-0.3087472915649414,10.166911125183105,-0.004438411444425583,-0.011126933619379997,0.019025146961212158,3.8740234375
4108,85.83402637186373,4.840182304382324,-0.3400611877441406,10.075855255126953,-0.001261564320884645,0.0027553176041692495,-0.006589267868548632,3.873912811279297
4109,85.88402637260879,3.8786211013793945,-0.2769308090209961,10.001111030578613,-3.879144787788391e-05,0.02036370150744915,-0.012905824929475784,3.873739719390869
4110,85.93402637335384,0.3653196394443512,-0.3585747480392456,9.965818405151367,-0.001531653106212616,0.031232256442308426,0.010042350739240646,3.873823642730713
4111,85.9840263740989,-0.06134851276874542,-0.2880803346633911,9.825176239013672,0.0013887286186218262,0.02958613447844982,-0.014767283573746681,3.8736443519592285
4112,86.03402637484396,-0.47141289710998535,-0.3398172855377197,9.772440910339355,-0.002048477530479431,0.026898205280303955,0.01817765086889267,3.8738160133361816
4113,86.08402637558902,-0.297558456659317,-0.22822776436805725,9.745580673217773,0.0019080787897109985,0.018050700426101685,-0.01717648282647133,3.873607635498047
4114,86.13402637633408,0.865209698677063,-0.2726280689239502,9.716885566711426,0.0009680076036602259,-0.0014037941582500935,-0.01125246286392212,3.8733181953430176
4115,86.18402637707914,3.427239179611206,-0.2601323127746582,9.770272254943848,-0.0027897674590349197,-0.0041289301589131355,0.01797959953546524,3.873136520385742
4116,86.2340263778242,1.24405837059021,-0.31193971633911133,9.890946388244629,0.0020696287974715233,0.0022274202201515436,-0.019334323704242706,3.872936248779297
4117,86.28402637856925,1.1527721881866455,-0.31938302516937256,9.855536460876465,0.0015587499365210533,0.00260796956717968,-0.01704968512058258,3.872870445251465
4118,86.33402637931431,0.10974588990211487,-0.3138701319694519,9.856932640075684,-0.0007063779048621655,0.006225951015949249,0.007218267768621445,3.872924327850342
4119,86.38402638005937,0.9099135994911194,-0.28138482570648193,9.804734230041504,0.0006435952382162213,0.0017063304549083114,-0.008088037371635437,3.8729209899902344
4120,86.43402638080443,0.8212350606918335,-0.274105429649353,9.820284843444824,-0.0014277598820626736,0.004726702813059092,0.012372872792184353,3.8728723526000977
4121,86.48402638154948,0.5724714398384094,-0.2766290307044983,9.82040786743164,0.0011200918816030025,4.129158332943916e-05,-0.013459165580570698,3.872650146484375
4122,86.53402638229454,0.8574804663658142,-0.31430840492248535,9.819178581237793,-0.0008715593139640987,0.0011224738555029035,0.008405474945902824,3.8726768493652344
4123,86.5840263830396,0.9343039393424988,-0.26222169399261475,9.825142860412598,0.0009691242594271898,-0.000559492502361536,-0.01183074340224266,3.8725035190582275
4124,86.63402638378466,0.5909372568130493,-0.31495487689971924,9.834443092346191,-0.0010831940453499556,0.002439721953123808,0.01026227418333292,3.8725528717041016
4125,86.68402638452972,0.5199557542800903,-0.2581275701522827,9.826510429382324,0.0012010140344500542,0.0013308034976944327,-0.012889101170003414,3.8723788261413574
4126,86.73402638527477,0.2830992043018341,-0.32239240407943726,9.822932243347168,-0.0012219070922583342,0.003491443581879139,0.011387940496206284,3.8724513053894043
4127,86.78402638601983,0.3461131453514099,-0.25823235511779785,9.814220428466797,0.0013674052897840738,0.001408362528309226,-0.013092916458845139,3.8722896575927734
4128,86.83402638676489,0.18736717104911804,-0.32544681429862976,9.814364433288574,-0.0013671612832695246,0.003032271284610033,0.012368792667984962,3.8723902702331543
4129,86.88402638750995,0.3296913206577301,-0.24821221828460693,9.8092041015625,0.001484900712966919,0.00023990916088223457,-0.012975050136446953,3.872248649597168
4130,86.934026388255,0.2553800344467163,-0.3268824815750122,9.812274932861328,-0.001434895908460021,0.0015745626296848059,0.012652123346924782,3.8723692893981934
4131,86.98402638900006,0.5135555267333984,-0.24872922897338867,9.810325622558594,0.0015253443270921707,-0.0017088407184928656,-0.012801912613213062,3.8722362518310547
4132,87.03402638974512,0.48051396012306213,-0.3235781788825989,9.818373680114746,-0.0014264084165915847,-3.052025567740202e-05,0.012353499419987202,3.8723549842834473
4133,87.08402639049018,0.7222205400466919,-0.25702476501464844,9.818629264831543,0.001486099325120449,-0.0028652632609009743,-0.01258539967238903,3.8722236156463623
4134,87.13402639123524,0.631839394569397,-0.313839316368103,9.827988624572754,-0.0014052186161279678,-0.0004516132175922394,0.012047842144966125,3.8723385334014893
4135,87.1840263919803,0.8225231170654297,-0.2517915964126587,9.826263427734375,0.001429287949576974,-0.0027535015251487494,-0.012324980460107327,3.872208833694458
4136,87.23402639272535,0.6796688437461853,-0.3220168352127075,9.832220077514648,-0.0013817280996590853,9.184703230857849e-06,0.011829113587737083,3.872321844100952
4137,87.28402639347041,0.3447071313858032,-0.9670616984367371,9.30548095703125,0.11610449850559235,-0.07088617980480194,-0.0207015760242939,3.8721165657043457
4138,87.33402639421547,-2.3604321479797363,-3.926513910293579,6.958377361297607,0.14172965288162231,-0.1275649219751358,0.017758144065737724,3.8721961975097656
4139,87.38402639496053,1.0363657474517822,0.6047317981719971,9.894354820251465,0.09971952438354492,-0.1016424149274826,-0.01973831281065941,3.8720808029174805
4140,87.43402639570559,1.4478397369384766,0.8124393820762634,10.405332565307617,0.07019557058811188,-0.07578727602958679,0.017008095979690552,3.872239589691162
4141,87.48402639645064,1.3991535902023315,0.7605347037315369,10.445732116699219,0.051038481295108795,-0.05341022461652756,-0.020566219463944435,3.871983528137207
4142,87.5340263971957,1.3294897079467773,0.4656764268875122,10.372721672058105,0.03586572781205177,-0.03672732412815094,0.016973299905657768,3.872098207473755
4143,87.58402639794076,1.2360633611679077,0.45803189277648926,10.261566162109375,0.02588052675127983,-0.02443859353661537,-0.01961340196430683,3.871849536895752
4144,87.63402639868582,1.16103196144104,0.2129756212234497,10.142372131347656,0.018716715276241302,-0.016413211822509766,0.01710684411227703,3.8719780445098877
4145,87.68402639943088,1.079132318496704,0.25005316734313965,10.04227352142334,0.013798961415886879,-0.01088474877178669,-0.01880062371492386,3.871752977371216
4146,87.73402640017594,1.0399820804595947,0.07973456382751465,9.966853141784668,0.008875392377376556,-0.00661702174693346,0.017315497621893883,3.8718972206115723
4147,87.784026400921,0.99590003490448,0.2114810347557068,9.954066276550293,0.004783256910741329,-0.002639415208250284,-0.01805208809673786,3.8716983795166016
4148,87.83402640166605,0.9555556774139404,0.0248945951461792,9.89826488494873,0.002739401999861002,-0.0005868494044989347,0.017278825864195824,3.8718597888946533
4149,87.88402640241111,0.9078219532966614,0.11904197931289673,9.853140830993652,0.0016104478854686022,0.000408284948207438,-0.017592662945389748,3.8716750144958496
4150,87.93402640315617,0.8697702884674072,-0.03132426738739014,9.826045036315918,0.0009443232556805015,0.0007974686450324953,0.017192451283335686,3.8718409538269043
4151,87.98402640390123,0.84356290102005,0.08282619714736938,9.810805320739746,0.0005597861018031836,0.0008960359264165163,-0.017277324572205544,3.87166428565979
4152,88.03402640464628,0.829169750213623,-0.048900723457336426,9.803508758544922,0.00032114784698933363,0.0008493328932672739,0.017049657180905342,3.8718323707580566
4153,88.08402640539134,0.7978160381317139,0.06295508146286011,9.800567626953125,0.0001963782124221325,0.0007565266569145024,-0.01704428903758526,3.8716602325439453
4154,88.1340264061364,0.7914690375328064,-0.05252361297607422,9.800755500793457,0.00010478077456355095,0.0006510759703814983,0.016884462907910347,3.871828317642212
4155,88.18402640688146,0.7704181671142578,0.06689339876174927,9.801971435546875,7.095676846802235e-05,0.0005605669575743377,-0.01684192754328251,3.8716578483581543
4156,88.23402640762652,0.7578800916671753,-0.06313598155975342,9.803329467773438,2.873683115467429e-05,0.0004825933137908578,0.016702529042959213,3.8718252182006836
4157,88.28402640837157,0.745438277721405,0.06203073263168335,9.805115699768066,2.862850669771433e-05,0.0004167867300566286,-0.01664249412715435,3.871657609939575
4158,88.33402640911663,0.7411075830459595,-0.055165767669677734,9.806187629699707,2.9797665774822235e-06,0.00034577210317365825,0.016506873071193695,3.8718225955963135
4159,88.38402640986169,0.722846508026123,0.04841649532318115,9.807308197021484,1.3776327250525355e-05,0.00027711858274415135,-0.01643342711031437,3.871656894683838
4160,88.43402641060675,0.7354510426521301,-0.05368447303771973,9.807853698730469,-3.926979843527079e-06,0.00021018256666138768,0.016294149681925774,3.871819496154785
4161,88.4840264113518,0.732452392578125,0.06312686204910278,9.808330535888672,9.200666681863368e-06,0.00015200430061668158,-0.016211794689297676,3.871656894683838
4162,88.53402641209686,0.7113771438598633,-0.06916570663452148,9.808860778808594,-3.7363352021202445e-06,9.980088361771777e-05,0.01606748066842556,3.871816635131836
4163,88.58402641284192,0.7394171953201294,0.06351876258850098,9.808956146240234,6.299276719801128e-06,5.9104197134729475e-05,-0.015978749841451645,3.871656894683838
4164,88.63402641358698,0.7298609614372253,-0.052205443382263184,9.809082984924316,-6.1223436205182225e-06,2.4565986677771434e-05,0.015833113342523575,3.871814250946045
4165,88.68402641433204,0.7260569334030151,0.04861605167388916,9.809281349182129,1.6189960660994984e-06,-4.4435182644519955e-08,-0.015736650675535202,3.871656894683838
4166,88.7340264150771,0.7371176481246948,-0.0553436279296875,9.809350967407227,-1.2907985365018249e-06,-2.174295877921395e-05,0.01558967586606741,3.871812105178833
4167,88.78402641582215,0.7381401062011719,0.0545957088470459,9.809309005737305,1.4335782907437533e-06,-3.509230009512976e-05,-0.015486701391637325,3.871656894683838
4168,88.83402641656721,0.7390167713165283,-0.05700951814651489,9.809347152709961,5.673791747540236e-07,-4.750749940285459e-05,0.015333914197981358,3.871809720993042
4169,88.88402641731227,0.7485793232917786,0.0587124228477478,9.809258460998535,-1.4110264601185918e-06,-5.389697616919875e-05,-0.015226122923195362,3.871656894683838
4170,88.93402641805733,0.7494661211967468,-0.05289196968078613,9.809412002563477,3.808469045907259e-06,-6.103108898969367e-05,0.015068826265633106,3.8718068599700928
4171,88.98402641880239,0.7523646354675293,0.05537766218185425,9.809210777282715,-3.6128476494923234e-06,-6.443420716095716e-05,-0.01495642215013504,3.871656894683838
4172,89.03402641954744,0.7478617429733276,-0.05475306510925293,9.809525489807129,5.095280357636511e-06,-6.892359670018777e-05,0.014794358052313328,3.871804714202881
4173,89.0840264202925,0.7613588571548462,0.05410128831863403,9.809354782104492,-6.543865310959518e-06,-7.065384124871343e-05,-0.014677027240395546,3.871656894683838
4174,89.13402642103756,0.7547972202301025,-0.050830721855163574,9.809202194213867,7.776849088259041e-06,-7.386891229543835e-05,0.014508867636322975,3.87180233001709
4175,89.18402642178262,0.7705479860305786,0.049294352531433105,9.809341430664062,-7.5182688306085765e-06,-7.434426515828818e-05,-0.014385750517249107,3.871657371520996
4176,89.23402642252768,0.7654639482498169,-0.05024385452270508,9.809343338012695,1.0607218428049237e-05,-7.726885814918205e-05,0.014213819056749344,3.871799945831299
4177,89.28402642327273,0.7633680701255798,0.052433013916015625,9.809341430664062,-1.1330477718729526e-05,-7.717805419815704e-05,-0.014083034358918667,3.8716578483581543
4178,89.3340264240178,0.7817182540893555,-0.054659128189086914,9.80932331085205,1.187923044199124e-05,-7.957745401654392e-05,0.013907641172409058,3.8717973232269287
4179,89.38402642476285,0.7725626230239868,0.04762643575668335,9.809367179870605,-1.3933895388618112e-05,-7.998141518328339e-05,-0.013771104626357555,3.8716578483581543
4180,89.43402642550791,0.7826827764511108,-0.03867381811141968,9.809276580810547,1.4677149010822177e-05,-8.20534405647777e-05,0.01358914002776146,3.8717947006225586
4181,89.48402642625297,0.7871560454368591,0.041347622871398926,9.809269905090332,-1.2661461369134486e-05,-8.305955270770937e-05,-0.01344600785523653,3.8716588020324707
4182,89.53402642699803,0.7870753407478333,-0.052597224712371826,9.809226989746094,1.4271485270000994e-05,-8.477215305902064e-05,0.013260047882795334,3.8717918395996094
4183,89.58402642774308,0.8009675741195679,0.04918926954269409,9.809407234191895,-1.6451027477160096e-05,-8.49506031954661e-05,-0.013110373169183731,3.871659517288208
4184,89.63402642848814,0.7886331081390381,-0.047202348709106445,9.80918025970459,1.775488635757938e-05,-8.738398901186883e-05,0.012917726300656796,3.8717892169952393
4185,89.6840264292332,0.8029147386550903,0.04752129316329956,9.809320449829102,-1.643940049689263e-05,-8.785160025581717e-05,-0.012761622667312622,3.8716602325439453
4186,89.73402642997826,0.8009766340255737,-0.044752299785614014,9.809279441833496,1.851256820373237e-05,-8.952818461693823e-05,0.012563751079142094,3.871786594390869
4187,89.78402643072332,0.820457398891449,0.052027761936187744,9.809219360351562,-1.9416474970057607e-05,-9.017375123221427e-05,-0.012400578707456589,3.87166166305542
4188,89.83402643146837,0.7411196231842041,-0.5537443161010742,9.811332702636719,-0.02695481851696968,0.0006511881947517395,-0.05658407136797905,3.8700592517852783
4189,89.88402643221343,0.4178643226623535,-2.085669994354248,9.8165864944458,-0.045327700674533844,0.0031537897884845734,-0.19811369478702545,3.8630614280700684
4190,89.93402643295849,-0.1639261245727539,-3.519692897796631,9.812259674072266,-0.04964403808116913,0.007085777819156647,-0.3103037476539612,3.849828004837036
4191,89.98402643370355,-0.8300018310546875,-4.341639041900635,9.800230026245117,-0.04475866258144379,0.01171470433473587,-0.4616056978702545,3.829730749130249
4192,90.0340264344486,-1.064002513885498,-4.658127784729004,9.77286434173584,-0.020608987659215927,0.011487623676657677,-0.5195136666297913,3.804624557495117
4193,90.08402643519366,-0.5479922294616699,-3.816068649291992,9.751907348632812,0.0012812437489628792,0.008897523395717144,-0.5692991018295288,3.7770509719848633
4194,90.13402643593872,-0.1810760498046875,-3.1561896800994873,9.75849723815918,0.009853402152657509,0.005940775386989117,-0.5669986009597778,3.748621702194214
4195,90.18402643668378,0.02335357666015625,-2.5662457942962646,9.772449493408203,0.013972043991088867,0.004313817247748375,-0.5948394536972046,3.71941876411438
4196,90.23402643742884,0.17229604721069336,-2.3873229026794434,9.781688690185547,0.01185198687016964,0.002814122475683689,-0.5854036808013916,3.6899590492248535
4197,90.2840264381739,0.23051905632019043,-2.184593677520752,9.79042911529541,0.010903014801442623,0.0026150792837142944,-0.609599232673645,3.6599555015563965
4198,90.33402643891895,0.3206954002380371,-2.2256717681884766,9.793455123901367,0.00702262669801712,0.0020676408894360065,-0.5997810363769531,3.6297736167907715
4199,90.38402643966401,0.3113288879394531,-2.1685993671417236,9.797593116760254,0.005869927816092968,0.002557171508669853,-0.6226556897163391,3.5990920066833496
4200,90.43402644040907,0.36940646171569824,-2.2570481300354004,9.797257423400879,0.0026181424036622047,0.002337372861802578,-0.6134947538375854,3.568239450454712
4201,90.48402644115413,0.3550832271575928,-2.2680137157440186,9.798711776733398,0.0021951436065137386,0.0030788849107921124,-0.6352437138557434,3.5369067192077637
4202,90.53402644189919,0.3897714614868164,-2.375730514526367,9.797133445739746,-0.00016967867850326002,0.0028684288263320923,-0.6270630359649658,3.5053954124450684
4203,90.58402644264424,0.36414265632629395,-2.3753440380096436,9.798178672790527,2.5229062885046005e-05,0.003684032941237092,-0.6477652788162231,3.4734153747558594
4204,90.6340264433893,0.38649964332580566,-2.4724087715148926,9.795613288879395,-0.001691430457867682,0.003375133965164423,-0.640677809715271,3.4412460327148438
4205,90.68402644413436,0.3600120544433594,-2.492661952972412,9.79665756225586,-0.0011555965756997466,0.004216541536152363,-0.6603261232376099,3.408615827560425
4206,90.73402644487942,0.40097784996032715,-2.599743366241455,9.793625831604004,-0.002461676485836506,0.0037912102416157722,-0.6543869376182556,3.3757834434509277
4207,90.78402644562448,0.349806547164917,-2.5992636680603027,9.795064926147461,-0.001790026668459177,0.0046653104946017265,-0.6729432344436646,3.3424999713897705
4208,90.83402644636953,0.3915367126464844,-2.7068002223968506,9.791747093200684,-0.0028280550613999367,0.004131749272346497,-0.6682022213935852,3.3090012073516846
4209,90.88402644711459,0.3435835838317871,-2.7201545238494873,9.793545722961426,-0.0021451774518936872,0.005055956542491913,-0.6856098771095276,3.2750611305236816
4210,90.93402644785965,0.3917820453643799,-2.8044416904449463,9.790003776550293,-0.002993323840200901,0.004425595514476299,-0.6821275949478149,3.240891218185425
4211,90.98402644860471,0.33538222312927246,-2.835892677307129,9.791948318481445,-0.0023692857939749956,0.00541978795081377,-0.6983095407485962,3.2062907218933105
4212,91.03402644934977,0.3834350109100342,-2.92748761177063,9.788063049316406,-0.0030583145562559366,0.004694201052188873,-0.6961736083030701,3.1714470386505127
4213,91.08402645009483,0.33145833015441895,-2.9393749237060547,9.790420532226562,-0.0025342705193907022,0.005780098494142294,-0.7110126614570618,3.136188268661499
4214,91.13402645083988,0.38741183280944824,-3.0341317653656006,9.786344528198242,-0.0030608351808041334,0.004946780391037464,-0.7103791832923889,3.100658655166626
4215,91.18402645158494,0.318737268447876,-3.0632400512695312,9.788934707641602,-0.0026503729168325663,0.006158222910016775,-0.7237344980239868,3.0647294521331787
4216,91.23402645233,0.3822174072265625,-3.146751880645752,9.784196853637695,-0.002998728770762682,0.0052033718675374985,-0.7248218655586243,3.028517723083496
4217,91.28402645307506,1.1494314670562744,-2.2735912799835205,9.766084671020508,0.04915802925825119,-0.002234220504760742,-0.5977764129638672,2.995394229888916
4218,91.33402645382012,2.3190510272979736,1.1423475742340088,9.772249221801758,0.09941712021827698,-0.008069731295108795,-0.33839499950408936,2.9729504585266113
4219,91.38402645456517,1.8400216102600098,3.8688101768493652,9.807296752929688,0.07078886032104492,-0.006000552326440811,-0.15395469963550568,2.962096691131592
4220,91.43402645531023,1.6031091213226318,3.3238842487335205,9.808361053466797,0.027352740988135338,-0.004585616290569305,-0.06696225702762604,2.9572958946228027
4221,91.48402645605529,1.3772722482681274,2.084702491760254,9.82049560546875,0.0003253199392929673,-0.0016128045972436666,-0.03015911392867565,2.9551684856414795
4222,91.53402645680035,1.256646752357483,1.153608798980713,9.81946086883545,-0.012055767700076103,-0.0006588185206055641,-0.013440238311886787,2.9542176723480225
4223,91.5840264575454,1.1160932779312134,0.5706453919410706,9.819297790527344,-0.015792040154337883,0.0009310254827141762,-0.0062850406393408775,2.953782320022583
4224,91.63402645829046,1.0570683479309082,0.24155569076538086,9.813092231750488,-0.015268804505467415,0.0009774118661880493,-0.002867891453206539,2.9535818099975586
4225,91.68402645903552,0.9616270065307617,0.06405287981033325,9.812178611755371,-0.013030843809247017,0.0015590256080031395,-0.0013196627842262387,2.95348858833313
4226,91.73402645978058,0.946098268032074,-0.010524868965148926,9.808147430419922,-0.010376781225204468,0.0012273788452148438,-0.0005510244518518448,2.953449010848999
4227,91.78402646052564,0.8838176131248474,-0.05204057693481445,9.808552742004395,-0.007903953082859516,0.001348184421658516,-0.00019432773115113378,2.95343279838562
4228,91.8340264612707,0.8749580383300781,-0.05177885293960571,9.807186126708984,-0.005834711715579033,0.001011266140267253,-2.524605042708572e-05,2.9534287452697754
4229,91.88402646201575,0.8357537984848022,-0.051414549350738525,9.829212188720703,-0.005160327069461346,0.0012759305536746979,4.5560205762740225e-05,2.953429937362671
4230,91.93402646276081,0.604918360710144,-0.035849928855895996,9.852243423461914,-0.0030834670178592205,0.006551055237650871,-0.00013666422455571592,2.9534313678741455
4231,91.98402646350587,0.8888420462608337,-0.10022920370101929,9.777276992797852,-0.0017084939172491431,-0.0022024987265467644,0.050505269318819046,2.9537601470947266
4232,92.03402646425093,-0.5292187333106995,-0.42659255862236023,9.818480491638184,-0.03370296210050583,0.012828012928366661,-0.024234581738710403,2.9516961574554443
4233,92.08402646499599,0.007748007774353027,-2.500032424926758,9.76234245300293,-0.04946035146713257,0.003416638821363449,-0.22419242560863495,2.9433648586273193
4234,92.13402646574104,-0.45730161666870117,-4.577807426452637,9.802387237548828,-0.0753861665725708,0.008357871323823929,-0.40759730339050293,2.9268012046813965
4235,92.1840264664861,-0.8768794536590576,-6.1390299797058105,9.690991401672363,-0.06447054445743561,0.013187184929847717,-0.5863515138626099,2.9010210037231445
4236,92.23402646723116,-1.4151668548583984,-6.667603492736816,9.770747184753418,-0.0396198034286499,0.016097143292427063,-0.7080783843994141,2.8677403926849365
4237,92.28402646797622,-0.9269199371337891,-6.233027458190918,9.72940731048584,-0.014070553705096245,0.014575687237083912,-0.766925036907196,2.830394983291626
4238,92.33402646872128,0.2658851146697998,-4.594884872436523,9.720088005065918,0.05532580241560936,0.003073759377002716,-0.6565172076225281,2.7945127487182617
4239,92.38402646946633,1.761364221572876,-0.5459594130516052,9.815144538879395,0.13341611623764038,-0.011270023882389069,-0.3688255250453949,2.7694454193115234
4240,92.43402647021139,0.35849809646606445,3.3654980659484863,9.83854866027832,0.0910855159163475,-0.00384521484375,-0.20822516083717346,2.7553632259368896
4241,92.48402647095645,0.6335768699645996,2.865997791290283,9.797289848327637,0.035949017852544785,-0.003922237083315849,-0.16694985330104828,2.7477874755859375
4242,92.53402647170151,-1.1524243354797363,1.5333598852157593,9.82735824584961,0.014568120241165161,-0.0006059752777218819,-0.06885509938001633,2.743756055831909
4243,92.58402647244657,0.9041556119918823,0.9786651730537415,9.766074180603027,-0.0002949126064777374,-0.003576321294531226,0.013280228711664677,2.741877794265747
4244,92.63402647319162,-0.268018901348114,0.6854680776596069,9.799417495727539,-0.004131789784878492,0.0010812191758304834,0.0034180425573140383,2.740241765975952
4245,92.68402647393668,0.34423497319221497,0.33977147936820984,9.831591606140137,-0.007477275095880032,-0.001734407152980566,-0.061672549694776535,2.7389349937438965
4246,92.73402647468174,-0.14376913011074066,-0.06738114356994629,9.786642074584961,-0.006641289219260216,4.1694846004247665e-05,-0.019433345645666122,2.738907814025879
4247,92.7840264754268,0.7909730672836304,0.0718575119972229,9.819534301757812,-0.006032292265444994,-0.0025844029150903225,0.04527115076780319,2.7390506267547607
4248,92.83402647617186,-1.2253477573394775,-0.24487066268920898,9.846022605895996,-0.043435052037239075,-0.0006888173520565033,-0.07640580087900162,2.73690128326416
4249,92.88402647691692,1.8055250644683838,-2.6440069675445557,9.72311782836914,-0.06515964865684509,-0.009597193449735641,-0.2797393798828125,2.7279160022735596
4250,92.93402647766197,-1.4966301918029785,-4.026093482971191,9.904396057128906,-0.04166703671216965,0.01895163394510746,-0.2978801429271698,2.713505506515503
4251,92.98402647840703,-0.8611836433410645,-5.028145790100098,9.70593547821045,-0.0679226815700531,0.007316630333662033,-0.5748063921928406,2.689608097076416
4252,93.03402647915209,0.5728883743286133,-6.271629810333252,9.722236633300781,0.011114208027720451,3.791274502873421e-05,-0.5654357671737671,2.659454107284546
4253,93.08402647989715,1.4711790084838867,-1.9794749021530151,9.777788162231445,0.0861189067363739,0.002500779926776886,-0.4034729599952698,2.6347250938415527
4254,93.1340264806422,-1.0843857526779175,1.3915698528289795,9.907201766967773,0.06766652315855026,0.00783909484744072,-0.28984618186950684,2.6182491779327393
4255,93.18402648138726,-1.3662185668945312,1.4437150955200195,9.827383995056152,0.038021236658096313,0.0073930323123931885,-0.14962874352931976,2.608119487762451
4256,93.23402648213232,0.4960019588470459,1.0675034523010254,9.693300247192383,0.024007266387343407,-0.009909519925713539,-0.058782242238521576,2.6022233963012695
4257,93.28402648287738,2.5376951694488525,0.8215645551681519,9.746660232543945,0.007322234567254782,-0.008591797202825546,-0.022832248359918594,2.5993099212646484
4258,93.33402648362244,-0.36201268434524536,0.44960376620292664,9.91794204711914,-0.0013607606524601579,0.00392497330904007,-0.048437152057886124,2.597414493560791
4259,93.3840264843675,-1.2024643421173096,0.06323009729385376,9.86600399017334,-0.003340916009619832,0.007381799630820751,0.0022893138229846954,2.5965185165405273
4260,93.43402648511255,-1.2539949417114258,0.11031946539878845,9.816064834594727,-0.003397751599550247,0.007017930503934622,-0.0316300168633461,2.5956320762634277
4261,93.48402648585761,0.08073560893535614,-0.040391042828559875,9.71278190612793,-0.00320131191983819,-0.015264153480529785,-0.009883000515401363,2.5952067375183105
4262,93.53402648660267,2.841804027557373,-0.07266581058502197,9.725311279296875,-0.002495243912562728,-0.007149579003453255,0.03684573248028755,2.595284938812256
4263,93.58402648734773,0.6430214643478394,0.13920167088508606,9.891410827636719,-0.002260363195091486,-0.003970094490796328,-0.04992713779211044,2.594614267349243
4264,93.63402648809279,-1.3870720863342285,-0.23463976383209229,9.910181999206543,-0.0017495774663984776,0.013693267479538918,0.0468921884894371,2.595017194747925
4265,93.68402648883784,-0.8409284353256226,0.14536216855049133,9.802678108215332,-0.0010436309967190027,0.0014600282302126288,-0.04843470826745033,2.5945067405700684
4266,93.7340264895829,-1.4506075382232666,-0.20575493574142456,9.821453094482422,-0.0010151853784918785,0.012272593565285206,0.04821043089032173,2.594985008239746
4267,93.78402649032796,2.290482997894287,0.07083672285079956,9.62055492401123,-0.00030939094722270966,-0.023506559431552887,0.0028226803988218307,2.595036745071411
4268,93.83402649107302,2.297846794128418,0.06356465816497803,9.828936576843262,-0.00013640039833262563,0.0011049130698665977,-0.04473690316081047,2.5947980880737305
4269,93.88402649181808,-0.30302828550338745,-0.12610256671905518,9.917228698730469,-6.561237387359142e-05,-0.0008458470110781491,0.04805002734065056,2.59531831741333
4270,93.93402649256313,-1.3790309429168701,0.18722021579742432,9.880176544189453,-2.9163900762796402e-05,0.014366162940859795,-0.04775431379675865,2.5948522090911865
4271,93.98402649330819,-0.7709596753120422,-0.1486281454563141,9.789507865905762,-0.00026774429716169834,0.0011658542789518833,0.047586407512426376,2.5953218936920166
4272,94.03402649405325,-1.3807713985443115,0.17852210998535156,9.816863059997559,7.503991946578026e-05,0.011674599722027779,-0.04828625172376633,2.5948245525360107
4273,94.08402649479831,-0.5943458080291748,-0.09139952063560486,9.745677947998047,-0.00019155140034854412,-0.005238262005150318,-0.0014120991108939052,2.59479022026062
4274,94.13402649554337,3.0133707523345947,-0.034229159355163574,9.670680046081543,-0.00028987322002649307,-0.012602659873664379,0.01978689432144165,2.5949079990386963
4275,94.18402649628842,1.5384842157363892,0.08437001705169678,9.865006446838379,-0.0002670192625373602,-0.007836021482944489,-0.04770566150546074,2.5944583415985107
4276,94.23402649703348,-1.1782478094100952,-0.1928367018699646,9.936084747314453,-0.00019474374130368233,0.012020459398627281,0.047141846269369125,2.5949079990386963
4277,94.28402649777854,-0.625933825969696,0.15931247174739838,9.815505981445312,3.23689600918442e-05,0.0008277747547253966,-0.04740789532661438,2.594433069229126
4278,94.3340264985236,-1.2886581420898438,-0.18580317497253418,9.828314781188965,-0.00012750690802931786,0.012226006016135216,0.047907114028930664,2.5949220657348633
4279,94.38402649926866,-0.5942411422729492,0.15575456619262695,9.773051261901855,0.00026852975133806467,-0.0019338619895279408,-0.047035109251737595,2.594467878341675
4280,94.43402650001372,-0.521880030632019,-0.1744474172592163,9.760689735412598,0.0003146389499306679,-0.0101394047960639,0.0001897309412015602,2.5949747562408447
4281,94.48402650075877,3.977714776992798,0.0486752986907959,9.658675193786621,0.0002981852740049362,-0.022101469337940216,0.047382332384586334,2.5952839851379395
4282,94.53402650150383,0.063275545835495,0.5153864026069641,9.95522689819336,0.024742119014263153,0.008280042558908463,0.008280892856419086,2.596190929412842
4283,94.58402650224889,-0.9008140563964844,1.6199358701705933,9.877610206604004,0.04379294812679291,0.0034805703908205032,0.21067778766155243,2.6025424003601074
4284,94.63402650299395,-2.3284013271331787,3.429025650024414,9.858237266540527,0.05241558328270912,0.0215911865234375,0.26465198397636414,2.6145591735839844
4285,94.684026503739,-0.2118469476699829,3.682626724243164,9.659189224243164,0.0009409249760210514,-0.014798165298998356,0.3262788951396942,2.6313438415527344
4286,94.73402650448406,3.3178114891052246,0.8961880207061768,9.695852279663086,-0.058084167540073395,-0.004642797634005547,0.24646885693073273,2.643934488296509
4287,94.78402650522912,0.45689529180526733,-1.0146456956863403,9.904258728027344,-0.034154362976551056,-0.004256449639797211,0.07674743235111237,2.651021957397461
4288,94.83402650597418,-1.228071928024292,-0.9745436310768127,9.89859390258789,-0.01783832162618637,0.01279299333691597,0.12612371146678925,2.6562561988830566
4289,94.88402650671924,-0.6210020780563354,-0.3034750521183014,9.798140525817871,-0.008174994960427284,0.00017790589481592178,0.001237477408722043,2.658759593963623
4290,94.9340265074643,-1.2623558044433594,-0.4448414444923401,9.822428703308105,-0.003118249587714672,0.011301047168672085,0.07816740870475769,2.6610982418060303
4291,94.98402650820935,-0.5573855042457581,0.04435151815414429,9.771707534790039,-9.578873869031668e-05,-0.0028839067090302706,-0.028339561074972153,2.6617860794067383
4292,95.03402650895441,-1.1173055171966553,-0.24154245853424072,9.816911697387695,0.000659250421449542,0.008096185512840748,0.05925270915031433,2.6629865169525146
4293,95.08402650969947,0.2419157177209854,0.13943208754062653,9.729551315307617,0.0017389520071446896,-0.010479404591023922,-0.03455004096031189,2.6631124019622803
4294,95.13402651044453,-0.4546334445476532,-0.13369768857955933,9.83733081817627,0.00156047148630023,-0.004125184845179319,0.016871368512511253,2.663928270339966
4295,95.18402651118959,2.025564193725586,0.1678786277770996,9.721785545349121,0.0011555012315511703,-0.03591784089803696,0.0035546969156712294,2.6638741493225098
4296,95.23402651193464,7.640919208526611,-0.008070707321166992,9.57572078704834,0.0008217338472604752,-0.032193101942539215,-0.0004229182959534228,2.663907766342163
4297,95.2840265126797,7.275421142578125,0.013062238693237305,9.803258895874023,0.0007667075842618942,-0.03388497978448868,0.010148933157324791,2.6639981269836426
4298,95.33402651342476,3.514747381210327,0.572719931602478,10.019002914428711,0.031256917864084244,0.006878457963466644,0.036367036402225494,2.6656601428985596
4299,95.38402651416982,1.4133596420288086,2.189901113510132,9.94422435760498,0.05851658806204796,0.007215969264507294,0.2544599175453186,2.6738264560699463
4300,95.43402651491488,-0.28317952156066895,4.348481178283691,9.880302429199219,0.06795049458742142,0.02846061810851097,0.36482614278793335,2.6897175312042236
4301,95.48402651565993,-0.6290497779846191,5.570642471313477,9.759160041809082,0.06895040720701218,0.021352719515562057,0.6312092542648315,2.715970516204834
4302,95.53402651640499,-1.8573799133300781,6.807368278503418,9.744585037231445,0.04365210235118866,0.035053230822086334,0.7122352123260498,2.7502996921539307
4303,95.58402651715005,-0.9565539360046387,6.3614583015441895,9.65976333618164,0.020088940858840942,0.01972121372818947,0.8721318244934082,2.790900230407715
4304,95.63402651789511,-1.292396068572998,6.313077449798584,9.70029354095459,0.009103292599320412,0.028567105531692505,0.8611605167388916,2.8342912197113037
4305,95.68402651864017,-0.43319177627563477,5.801931381225586,9.666226387023926,0.0007237023673951626,0.013326882384717464,0.9636953473091125,2.880507707595825
4306,95.73402651938522,-0.8715062141418457,6.030329704284668,9.718096733093262,0.00044155586510896683,0.023178009316325188,0.9190749526023865,2.927398204803467
4307,95.78402652013028,-0.14351701736450195,5.692192077636719,9.685501098632812,-0.0029615024104714394,0.009590422734618187,0.9995493292808533,2.9758005142211914
4308,95.83402652087534,-0.6554436683654785,6.021153450012207,9.733198165893555,-0.0004184907302260399,0.020770158618688583,0.9427056312561035,3.024092674255371
4309,95.8840265216204,-0.002239227294921875,5.733760833740234,9.696213722229004,-0.0027717023622244596,0.008274274878203869,1.0148760080337524,3.073408603668213
4310,95.93402652236546,-0.5562095642089844,6.071548938751221,9.7402982711792,0.00021053384989500046,0.020172473043203354,0.9536999464035034,3.1223254203796387
4311,95.98402652311051,0.07665824890136719,5.8052659034729,9.70018196105957,-0.0020800428465008736,0.008157257921993732,1.0226970911026,3.172089099884033
4312,96.03402652385557,-0.5257658958435059,6.1363725662231445,9.741861343383789,0.0007925191894173622,0.020313337445259094,0.9600323438644409,3.2213528156280518
4313,96.08402652460063,0.11554956436157227,5.862711429595947,9.700763702392578,-0.0015940518351271749,0.00845339521765709,1.027732491493225,3.271392345428467
4314,96.13402652534569,-0.5125274658203125,6.211285591125488,9.74107837677002,0.0011127293109893799,0.020647145807743073,0.964592695236206,3.3208906650543213
4315,96.18402652609075,0.11753654479980469,5.901210784912109,9.69989013671875,-0.0013449906837195158,0.00881516095250845,1.0316779613494873,3.371138572692871
4316,96.2340265268358,-0.4994926452636719,6.262125015258789,9.739730834960938,0.0012418124824762344,0.02097143977880478,0.9684143662452698,3.420830726623535
4317,96.28402652758086,0.12296533584594727,5.957637786865234,9.698283195495605,-0.00124625233002007,0.009135067462921143,1.0351394414901733,3.4712586402893066
4318,96.33402652832592,-0.5050315856933594,6.305368423461914,9.738262176513672,0.0012687211856245995,0.021238990128040314,0.9718842506408691,3.5211236476898193
4319,96.38402652907098,0.12682151794433594,6.010757923126221,9.696497917175293,-0.0012260638177394867,0.009397621266543865,1.038336992263794,3.5717172622680664
4320,96.43402652981604,-0.5078325271606445,6.339695930480957,9.736955642700195,0.0012457184493541718,0.02145254611968994,0.9751330018043518,3.6217448711395264
4321,96.4840265305611,0.7723798751831055,5.364851951599121,9.690713882446289,-0.051160190254449844,0.0007252022624015808,0.9247416853904724,3.669593095779419
4322,96.53402653130615,1.2014782428741455,2.4949541091918945,9.781765937805176,-0.10603984445333481,0.0029610544443130493,0.5902963876724243,3.7062292098999023
4323,96.58402653205121,1.525754451751709,-0.9878349304199219,9.79743480682373,-0.07965171337127686,-0.010334603488445282,0.4252408742904663,3.730273723602295
4324,96.63402653279627,0.5365657806396484,-1.372580647468567,9.844167709350586,-0.0730171799659729,0.0018259286880493164,0.1364142894744873,3.742933988571167
4325,96.68402653354133,0.5848627090454102,-2.8104567527770996,9.80682373046875,-0.0755871906876564,-0.005316980183124542,-0.03347240760922432,3.7447588443756104
4326,96.73402653428639,-0.7596969604492188,-4.038651466369629,9.836947441101074,-0.07369440793991089,0.012029342353343964,-0.33510494232177734,3.7339744567871094
4327,96.78402653503144,-1.0059189796447754,-5.605483531951904,9.769759178161621,-0.06998277455568314,0.00923270732164383,-0.514211893081665,3.711890697479248
4328,96.8340265357765,-2.0507545471191406,-6.31412410736084,9.76313591003418,-0.04222197085618973,0.023234013468027115,-0.7413188815116882,3.67907977104187
4329,96.88402653652156,-1.1330080032348633,-6.419241428375244,9.687200546264648,-0.02146638184785843,0.012427877634763718,-0.7894377708435059,3.6403374671936035
4330,96.93402653726662,-1.3721842765808105,-5.918628215789795,9.719667434692383,-0.007181721739470959,0.021892976015806198,-0.915641725063324,3.596954107284546
4331,96.98402653801168,-0.5161185264587402,-6.002973556518555,9.68504810333252,-0.003546955296769738,0.009761461056768894,-0.896416962146759,3.551661491394043
4332,97.03402653875673,-0.9229555130004883,-5.75405216217041,9.728888511657715,0.0011802641674876213,0.019713107496500015,-0.9826931953430176,3.5041985511779785
4333,97.08402653950179,-0.1779470443725586,-5.995734214782715,9.694864273071289,-0.00044035117025487125,0.00827377662062645,-0.9385342001914978,3.456357002258301
4334,97.13402654024685,-0.6976089477539062,-5.801307678222656,9.737141609191895,0.0019620852544903755,0.01905030570924282,-1.0094362497329712,3.4072790145874023
4335,97.18402654099191,-0.017500877380371094,-6.095569133758545,9.699260711669922,-0.0006106409127824008,0.00816288124769926,-0.9563288688659668,3.3583872318267822
4336,97.23402654173697,-0.5834012031555176,-5.908540725708008,9.739401817321777,0.001464364118874073,0.019339602440595627,-1.0213202238082886,3.308607339859009
4337,97.28402654248202,0.04143238067626953,-6.173691749572754,9.700332641601562,-0.0010477793402969837,0.008651560172438622,-0.9650817513465881,3.259221315383911
4338,97.33402654322708,-0.5369510650634766,-5.989742755889893,9.738866806030273,0.0010790517553687096,0.019915930926799774,-1.0277268886566162,3.209077835083008
4339,97.38402654397214,0.07522773742675781,-6.254504203796387,9.698498725891113,-0.0012528242077678442,0.009238548576831818,-0.9704210758209229,3.159406900405884
4340,97.4340265447172,-0.5145082473754883,-6.050111770629883,9.737164497375488,0.0009396998211741447,0.020456429570913315,-1.0320465564727783,3.1090261936187744
4341,97.48402654546226,0.08722972869873047,-6.3136210441589355,9.696606636047363,-0.001269201748073101,0.009734159335494041,-0.9744119644165039,3.0591487884521484
4342,97.53402654620731,-0.5009617805480957,-6.104382514953613,9.735127449035645,0.0009414283558726311,0.020875660702586174,-1.035520315170288,3.00858736038208
4343,97.58402654695237,0.09130001068115234,-6.359646320343018,9.694613456726074,-0.0012035584077239037,0.010111169889569283,-0.9778109192848206,2.9585375785827637
4344,97.63402654769743,-0.5201511383056641,-6.151645183563232,9.733221054077148,0.0009979866445064545,0.021184567362070084,-1.0385984182357788,2.9078147411346436
4345,97.68402654844249,0.09930658340454102,-6.400052547454834,9.693103790283203,-0.001115539576858282,0.010393619537353516,-0.9809110164642334,2.8576114177703857
4346,97.73402654918755,-0.514484167098999,-6.19246768951416,9.731670379638672,0.0010661007836461067,0.021416569128632545,-1.0414533615112305,2.806741714477539
4347,97.7840265499326,0.08969593048095703,-6.44229793548584,9.691466331481934,-0.0010295058600604534,0.010615522041916847,-0.9838243722915649,2.7563931941986084
4348,97.83402655067766,-0.5043268203735352,-6.232686519622803,9.730087280273438,0.001130073331296444,0.0216003879904747,-1.0441659688949585,2.705383777618408
4349,97.88402655142272,0.08393192291259766,-6.480463027954102,9.6902437210083,-0.0009590857662260532,0.010801251046359539,-0.9866020083427429,2.6548972129821777
4350,97.93402655216778,-0.5219781398773193,-6.268290996551514,9.72861099243164,0.0011847056448459625,0.021755509078502655,-1.0467609167099,2.6037535667419434
4351,97.98402655291284,0.09083890914916992,-6.523289680480957,9.689061164855957,-0.0008979742415249348,0.010964041575789452,-0.9892703890800476,2.5531346797943115
4352,98.0340265536579,0.12246048450469971,-5.593052864074707,9.725213050842285,0.051496099680662155,0.013183077797293663,-0.9364349842071533,2.5047354698181152
4353,98.08402655440295,1.8050554990768433,-2.6228127479553223,9.738608360290527,0.10851946473121643,-0.008512444794178009,-0.595386266708374,2.4676215648651123
4354,98.13402655514801,0.8733456134796143,0.9024171829223633,9.84015941619873,0.08139821141958237,0.0018459372222423553,-0.436777263879776,2.44311261177063
4355,98.18402655589307,1.2492715120315552,0.8481942415237427,9.794108390808105,0.042943306267261505,-0.010964653454720974,-0.209311380982399,2.428379535675049
4356,98.23402655663813,0.5340275764465332,0.45225995779037476,9.837597846984863,0.019158652052283287,0.0022950018756091595,-0.19459253549575806,2.418515920639038
4357,98.28402655738319,1.186580777168274,-0.23315441608428955,9.793330192565918,0.007420728448778391,-0.00908486358821392,-0.058786723762750626,2.4129793643951416
4358,98.33402655812824,0.5271830558776855,-0.1721412092447281,9.838349342346191,0.001965050585567951,0.003949361853301525,-0.09897635877132416,2.408895254135132
4359,98.3840265588733,1.1571946144104004,-0.48587143421173096,9.792887687683105,0.00023150548804551363,-0.007494189776480198,0.00011002579412888736,2.4069671630859375
4360,98.43402655961836,0.5221145749092102,-0.20669999718666077,9.8360013961792,-0.00032328919041901827,0.005051358602941036,-0.061434801667928696,2.405148983001709
4361,98.48402656036342,1.1653521060943604,-0.43050137162208557,9.790642738342285,8.890102617442608e-05,-0.006627177353948355,0.023002080619335175,2.404630661010742
4362,98.53402656110848,0.5109046697616577,-0.08851427584886551,9.83368968963623,0.0002629888476803899,0.005581589415669441,-0.04667007923126221,2.4036974906921387
4363,98.58402656185353,1.1550207138061523,-0.3276658058166504,9.78902530670166,0.0007708839839324355,-0.006218332331627607,0.03175325691699982,2.403726577758789
4364,98.63402656259859,0.515510082244873,0.004264771938323975,9.832230567932129,0.0007801232859492302,0.005806381814181805,-0.04081936553120613,2.4031383991241455
4365,98.68402656334365,1.1434664726257324,-0.2391313761472702,9.788375854492188,0.0010667890310287476,-0.006011331453919411,0.03497762605547905,2.403376579284668
4366,98.73402656408871,0.5199046730995178,0.05997884273529053,9.83145809173584,0.0008774108719080687,0.005899944342672825,-0.03843311592936516,2.4029221534729004
4367,98.78402656483377,1.1300357580184937,-0.1860763132572174,9.78810977935791,0.00101279781665653,-0.005889611318707466,0.03605036437511444,2.4032387733459473
4368,98.83402656557882,0.5161511898040771,0.09471061825752258,9.831267356872559,0.0007304135942831635,0.005930266808718443,-0.037385985255241394,2.4028358459472656
4369,98.88402656632388,1.1188863515853882,-0.1581469178199768,9.787676811218262,0.0008101750863716006,-0.00581089872866869,0.03629554808139801,2.4031801223754883
4370,98.93402656706894,0.5049617886543274,0.12248776853084564,9.830965042114258,0.0005128968041390181,0.00592986773699522,-0.036844946444034576,2.4027976989746094
4371,98.984026567814,1.0404636859893799,-0.6498801112174988,9.790348052978516,-0.033956609666347504,-0.004758751019835472,-0.043482456356287,2.4012234210968018
4372,99.03402656855906,0.051898181438446045,-2.3675389289855957,9.83599853515625,-0.061509869992733,0.009727121330797672,-0.2633189558982849,2.392594814300537
4373,99.08402656930411,-0.06776416301727295,-4.696021556854248,9.78115463256836,-0.07408685982227325,0.0048538800328969955,-0.40320587158203125,2.375439405441284
4374,99.13402657004917,-1.4850835800170898,-6.225091934204102,9.788374900817871,-0.07532737404108047,0.023277917876839638,-0.6687909960746765,2.347266674041748
4375,99.18402657079423,-1.4609532356262207,-7.571455955505371,9.697426795959473,-0.051301777362823486,0.01719021052122116,-0.7849723696708679,2.309969663619995
4376,99.23402657153929,-1.7228503227233887,-7.404808044433594,9.693352699279785,-0.026827657595276833,0.02774703875184059,-0.9424690008163452,2.2658212184906006
4377,99.28402657228435,-0.8719244599342346,-7.393735885620117,9.647415161132812,-0.01506255753338337,0.016717299818992615,-0.9549282193183899,2.2181782722473145
4378,99.3340265730294,-1.1974573135375977,-7.067370414733887,9.68472671508789,-0.0062010749243199825,0.025891833007335663,-1.0519152879714966,2.1674394607543945
4379,99.38402657377446,-0.4636228680610657,-7.302944183349609,9.650379180908203,-0.004741965793073177,0.01480301097035408,-1.0229778289794922,2.1156516075134277
4380,99.43402657451952,-0.9034714698791504,-7.118736267089844,9.689583778381348,-0.0011010188609361649,0.024557307362556458,-1.0947163105010986,2.0623087882995605
4381,99.48402657526458,-0.2430303990840912,-7.397150993347168,9.654762268066406,-0.0023047584109008312,0.014080251567065716,-1.0495141744613647,2.008901357650757
4382,99.53402657600964,-0.7527867555618286,-7.257619857788086,9.69182300567627,0.00012408848851919174,0.024360937997698784,-1.1110135316848755,1.9545586109161377
4383,99.5840265767547,-0.15293946862220764,-7.498945713043213,9.655457496643066,-0.0015185389202088118,0.014227285981178284,-1.059518575668335,1.900538682937622
4384,99.63402657749975,-0.6871913075447083,-7.347682476043701,9.691597938537598,0.0006832953076809645,0.024706901982426643,-1.1169384717941284,1.8458256721496582
4385,99.68402657824481,-0.11861108243465424,-7.572744846343994,9.654552459716797,-0.0009492724202573299,0.014647173695266247,-1.0630121231079102,1.7915856838226318
4386,99.73402657898987,-0.6620408892631531,-7.38947868347168,9.690403938293457,0.0011893598129972816,0.025129176676273346,-1.1188336610794067,1.736748218536377
4387,99.78402657973493,-0.08941396325826645,-7.605224609375,9.653054237365723,-0.00041670643258839846,0.01502258237451315,-1.063950777053833,1.6824431419372559
4388,99.83402658047999,-0.6611594557762146,-7.4133710861206055,9.689099311828613,0.0016567236743867397,0.025443393737077713,-1.119160771369934,1.6275781393051147
4389,99.88402658122504,-0.08510486036539078,-7.618038177490234,9.651986122131348,3.464667679509148e-05,0.015264504589140415,-1.0638854503631592,1.573269009590149
4390,99.9340265819701,-0.6523411273956299,-7.407318115234375,9.68841552734375,0.0020410434808582067,0.025624200701713562,-1.118876576423645,1.5184141397476196
4391,99.98402658271516,-0.08188936859369278,-7.6281633377075195,9.651300430297852,0.0003748992457985878,0.01538715697824955,-1.0634301900863647,1.4641244411468506
4392,100.03402658346022,-0.6541396975517273,-7.406131744384766,9.687788963317871,0.0023140781559050083,0.025706229731440544,-1.118361473083496,1.4092942476272583
4393,100.08402658420528,0.6054095029830933,-6.890383243560791,9.65329647064209,0.053984105587005615,0.004826453048735857,-0.9314188361167908,1.358119010925293
4394,100.13402658495033,1.07496976852417,-3.290647268295288,9.764840126037598,0.11407701671123505,0.005763680208474398,-0.7220696210861206,1.3172762393951416
4395,100.18402658569539,1.473092794418335,-0.07341494411230087,9.792679786682129,0.0878210961818695,-0.01045886892825365,-0.3995363414287567,1.2912272214889526
4396,100.23402658644045,0.5417699813842773,0.5231773257255554,9.833569526672363,0.04838221147656441,0.0010174766648560762,-0.31581395864486694,1.2740397453308105
4397,100.28402658718551,1.0631483793258667,0.19927524030208588,9.796643257141113,0.05843827500939369,-0.009908618405461311,-0.0635191798210144,1.2656407356262207
4398,100.33402658793057,-0.027207698673009872,2.079744338989258,9.852859497070312,0.07326575368642807,0.006230651400983334,0.08476569503545761,1.266751766204834
4399,100.38402658867562,-0.13185034692287445,3.7695860862731934,9.799860000610352,0.07930471003055573,0.0003586671082302928,0.3878827393054962,1.2800958156585693
4400,100.43402658942068,-1.6294701099395752,5.768125057220459,9.812586784362793,0.07878396660089493,0.020938461646437645,0.5677751898765564,1.3048248291015625
4401,100.48402659016574,-1.4766876697540283,6.705061435699463,9.717223167419434,0.05205909535288811,0.013176287524402142,0.808944821357727,1.3407503366470337
4402,100.5340265909108,-1.786720871925354,7.086516857147217,9.71475601196289,0.030261622741818428,0.025545451790094376,0.8624180555343628,1.383021593093872
4403,100.58402659165586,-0.8433812856674194,6.663610935211182,9.664417266845703,0.015022192150354385,0.013512036763131618,0.9973095059394836,1.4303343296051025
4404,100.63402659240091,-1.1858795881271362,6.9344658851623535,9.702142715454102,0.010233612731099129,0.024120530113577843,0.9822946786880493,1.4798402786254883
4405,100.68402659314597,0.2685079574584961,5.988948822021484,9.663203239440918,-0.047173481434583664,0.002785192336887121,0.9525108933448792,1.5287338495254517
4406,100.73402659389103,0.9440658688545227,3.045936107635498,9.764138221740723,-0.10664942860603333,0.002900471678003669,0.6245595216751099,1.5670173168182373
4407,100.78402659463609,1.342445731163025,-0.5391537547111511,9.792647361755371,-0.08184541016817093,-0.011020018719136715,0.4523724615573883,1.592585802078247
4408,100.83402659538115,0.5648001432418823,-0.5392243266105652,9.834583282470703,-0.043016206473112106,-0.0005017975345253944,0.2299019992351532,1.608289361000061
4409,100.8840265961262,1.1038758754730225,-0.17461197078227997,9.795371055603027,-0.020002640783786774,-0.010874692350625992,0.20453958213329315,1.6188327074050903
4410,100.93402659687126,0.5196872353553772,0.4803747832775116,9.838499069213867,-0.00816924124956131,0.0017416616901755333,0.06983135640621185,1.6249122619628906
4411,100.98402659761632,1.113887906074524,0.3709698021411896,9.796921730041504,-0.0031045812647789717,-0.008747690357267857,0.10359867662191391,1.62934410572052
4412,101.03402659836138,0.5113332271575928,0.6498392820358276,9.838154792785645,-0.0013416481669992208,0.0037977006286382675,0.00555016053840518,1.6315360069274902
4413,101.08402659910644,1.1048786640167236,0.3256215751171112,9.794337272644043,-0.0009209525887854397,-0.007177552208304405,0.0627475157380104,1.633502721786499
4414,101.1340265998515,0.4989245533943176,0.5231885313987732,9.835342407226562,-0.001244190614670515,0.004953401163220406,-0.01997319981455803,1.6341372728347778
4415,101.18402660059655,1.0972304344177246,0.18293152749538422,9.791352272033691,-0.0014027041615918279,-0.006327440962195396,0.046283625066280365,1.635117769241333
4416,101.23402660134161,0.48467785120010376,0.36187660694122314,9.833056449890137,-0.0017708224477246404,0.005482245236635208,-0.02989649586379528,1.6351358890533447
4417,101.28402660208667,1.087019681930542,0.05603550001978874,9.789716720581055,-0.0017041264800354838,-0.005917315371334553,0.03964824974536896,1.635725975036621
4418,101.33402660283173,0.47285741567611694,0.25051459670066833,9.83157730102539,-0.001831475761719048,0.0056891427375376225,-0.033591195940971375,1.635505199432373
4419,101.38402660357679,1.0712456703186035,-0.03505134955048561,9.788874626159668,-0.0015602123457938433,-0.005723835434764624,0.0369388684630394,1.635942816734314
4420,101.43402660432184,0.47181928157806396,0.19381694495677948,9.830934524536133,-0.0015477060806006193,0.005749713629484177,-0.034833140671253204,1.6356323957443237
4421,101.4840266050669,1.0529729127883911,-0.08545849472284317,9.788592338562012,-0.0012019615387544036,-0.005623889155685902,0.035773105919361115,1.6360113620758057
4422,101.53402660581196,0.46200698614120483,0.1581236720085144,9.830313682556152,-0.0011581436265259981,0.005751985125243664,-0.035127148032188416,1.6356695890426636
4423,101.58402660655702,1.0512616634368896,-0.11146323382854462,9.788792610168457,-0.0008259454625658691,-0.005563155747950077,0.03520384058356285,1.6360259056091309
4424,101.63402660730208,0.45314112305641174,0.13778038322925568,9.830068588256836,-0.0008024152484722435,0.005730715114623308,-0.03506619110703468,1.6356748342514038
4425,101.68402660804713,1.0302324295043945,-0.12582767009735107,9.788736343383789,-0.000514032319188118,-0.005518335849046707,0.03485674038529396,1.6360220909118652
4426,101.73402660879219,0.4508736729621887,0.14236868917942047,9.829965591430664,-0.0005310975247994065,0.005700997542589903,-0.03487890586256981,1.6356698274612427
4427,101.78402660953725,1.0191746950149536,-0.14058294892311096,9.788908958435059,-0.00029219064163044095,-0.005478879436850548,0.03458720073103905,1.6360127925872803
4428,101.83402661028231,0.44046857953071594,0.13768526911735535,9.829827308654785,-0.0003429126809351146,0.005666445940732956,-0.03465043008327484,1.6356620788574219
4429,101.88402661102737,1.012241005897522,-0.1303708702325821,9.788843154907227,-0.0001468447153456509,-0.0054424297995865345,0.034345339983701706,1.6360023021697998
4430,101.93402661177242,0.4294179081916809,0.12316421419382095,9.829843521118164,-0.00022275009541772306,0.005631984677165747,-0.034410204738378525,1.635654091835022
4431,101.98402661251748,1.002485752105713,-0.12487085908651352,9.789133071899414,-5.712954225600697e-05,-0.005406651645898819,0.03411037474870682,1.6359920501708984
4432,102.03402661326254,0.4215088486671448,0.11854881048202515,9.829544067382812,-0.00014828336134087294,0.005596510134637356,-0.0341683030128479,1.6356463432312012
4433,102.0840266140076,0.9199730753898621,0.4148752689361572,9.792084693908691,0.036126092076301575,-0.004576577804982662,0.11435196548700333,1.6379928588867188
4434,102.13402661475266,-0.059911586344242096,2.7351255416870117,9.835225105285645,0.0654875710606575,0.01013217307627201,0.21398720145225525,1.6463998556137085
4435,102.18402661549771,-0.21401064097881317,4.72489070892334,9.7782564163208,0.078801728785038,0.005142132751643658,0.48151448369026184,1.6650667190551758
4436,102.23402661624277,-1.6903040409088135,6.863135814666748,9.779913902282715,0.0815761610865593,0.025085465982556343,0.6575836539268494,1.694305658340454
4437,102.28402661698783,-0.882093071937561,7.22284460067749,9.674592971801758,0.002324483823031187,0.008943413384258747,0.7687069773674011,1.731387972831726
4438,102.33402661773289,0.21645033359527588,4.18452262878418,9.73529052734375,-0.08448172360658646,0.008549545891582966,0.5243898034095764,1.7632302045822144
4439,102.38402661847795,0.9451912045478821,0.09499672800302505,9.77109146118164,-0.07361982762813568,-0.0065483939833939075,0.3950895667076111,1.7852190732955933
4440,102.434026619223,0.34260377287864685,-0.20403127372264862,9.818257331848145,-0.04136224836111069,0.0018185221124440432,0.20254471898078918,1.799004316329956
4441,102.48402661996806,0.902514636516571,0.029049132019281387,9.786578178405762,-0.02098543755710125,-0.008885020390152931,0.18613095581531525,1.8084871768951416
4442,102.53402662071312,0.3801315426826477,0.5851943492889404,9.830123901367188,-0.01009245403110981,0.002221509115770459,0.0645059198141098,1.8140554428100586
4443,102.58402662145818,0.9492433071136475,0.4684724807739258,9.794029235839844,-0.005220700521022081,-0.007877523079514503,0.09674894064664841,1.8181865215301514
4444,102.63402662220324,0.40610745549201965,0.7066048979759216,9.83389663696289,-0.003249522764235735,0.0035757687874138355,0.006431540474295616,1.8202731609344482
4445,102.6840266229483,0.8836857080459595,-0.13833220303058624,9.798687934875488,-0.03916618600487709,-0.005806410685181618,-0.02514222264289856,1.8201099634170532
4446,102.73402662369335,-0.07672069221735,-2.0965492725372314,9.843329429626465,-0.06844200938940048,0.008276952430605888,-0.2582315504550934,1.8119964599609375
4447,102.78402662443841,-0.2648814618587494,-4.648991107940674,9.788891792297363,-0.08282940089702606,0.004608605522662401,-0.42350074648857117,1.794339656829834
4448,102.83402662518347,-1.6835956573486328,-6.486607551574707,9.787034034729004,-0.08500375598669052,0.02320234477519989,-0.7008275985717773,1.7647902965545654
4449,102.88402662592853,-1.6929634809494019,-8.080892562866211,9.68770980834961,-0.061608340591192245,0.01868799701333046,-0.8415256142616272,1.7251367568969727
4450,102.93402662667359,-1.9291530847549438,-8.164172172546387,9.672660827636719,-0.036172300577163696,0.02965688705444336,-1.005843997001648,1.6779470443725586
4451,102.98402662741864,-0.36235493421554565,-7.549093246459961,9.62381362915039,0.03193870559334755,0.009128313511610031,-0.8964869379997253,1.6298363208770752
4452,103.0340266281637,0.5229178667068481,-3.8716487884521484,9.73488712310791,0.10422736406326294,0.007637948263436556,-0.7160132527351379,1.5897451639175415
4453,103.08402662890876,1.0807451009750366,-0.4611127972602844,9.778782844543457,0.08317229896783829,-0.009157523512840271,-0.4097447991371155,1.563476324081421
4454,103.13402662965382,0.3358066976070404,0.15355706214904785,9.822851181030273,0.04619567468762398,0.00040105002699419856,-0.324467271566391,1.5457978248596191
4455,103.18402663039888,0.9454478025436401,-0.6060038805007935,9.787202835083008,0.023170003667473793,-0.010587264783680439,-0.15231682360172272,1.5349299907684326
4456,103.23402663114393,0.38301366567611694,-0.6911225318908691,9.832341194152832,0.01162569597363472,0.001168781891465187,-0.15422576665878296,1.527360200881958
4457,103.28402663188899,0.9663795232772827,-0.9981391429901123,9.79552173614502,0.00648448197171092,-0.00870600063353777,-0.04306863248348236,1.5230671167373657
4458,103.33402663263405,0.40513432025909424,-0.7059601545333862,9.835508346557617,0.004567525815218687,0.003015839494764805,-0.08239468932151794,1.5197776556015015
4459,103.38402663337911,0.9680730104446411,-0.838939368724823,9.795459747314453,0.004091531038284302,-0.007023318205028772,0.0025449180975556374,1.5182420015335083
4460,103.43402663412417,0.33311811089515686,-0.9898521900177002,9.834217071533203,-0.03228224813938141,0.005226981360465288,-0.13198767602443695,1.5147160291671753
4461,103.48402663486922,0.4828476905822754,-3.2075705528259277,9.792450904846191,-0.06249038502573967,-0.0009013693197630346,-0.23199748992919922,1.5054726600646973
4462,103.53402663561428,-0.7940639853477478,-5.162687301635742,9.80962085723877,-0.07570493221282959,0.016000254079699516,-0.48716750741004944,1.4862569570541382
4463,103.58402663635934,-1.17046058177948,-7.194708347320557,9.731947898864746,-0.07968173176050186,0.015616497956216335,-0.6725363731384277,1.4564801454544067
4464,103.6340266371044,-2.230720043182373,-8.323001861572266,9.70490550994873,-0.05466505512595177,0.03017844818532467,-0.8926414251327515,1.4159953594207764
4465,103.68402663784946,-1.4569244384765625,-8.632813453674316,9.623370170593262,-0.03256170451641083,0.022127602249383926,-0.9634696841239929,1.3689841032028198
4466,103.73402663859451,-1.6739521026611328,-8.346351623535156,9.64261531829834,-0.017152387648820877,0.03134719282388687,-1.086357593536377,1.3169922828674316
4467,103.78402663933957,-0.9307388663291931,-8.53011417388916,9.604942321777344,-0.011547494679689407,0.02132055163383484,-1.0849858522415161,1.2626041173934937
4468,103.83402664008463,-1.2667617797851562,-8.406350135803223,9.636470794677734,-0.005919399671256542,0.030144119635224342,-1.1643027067184448,1.2059075832366943
4469,103.88402664082969,-0.6215264797210693,-8.713102340698242,9.6021089553833,-0.005644702818244696,0.020424654707312584,-1.132367730140686,1.1485984325408936
4470,103.93402664157475,-1.0402452945709229,-8.640052795410156,9.634075164794922,-0.0025316807441413403,0.029700400307774544,-1.1928032636642456,1.0901293754577637
4471,103.9840266423198,-0.4596848487854004,-8.914911270141602,9.599692344665527,-0.00328378239646554,0.020393142476677895,-1.1481748819351196,1.0317981243133545
4472,104.03402664306486,-0.942286491394043,-8.784420013427734,9.631757736206055,-0.0006840052083134651,0.02994753234088421,-1.2008229494094849,0.972786545753479
4473,104.08402664380992,-0.38768160343170166,-9.025598526000977,9.597434043884277,-0.0015190457925200462,0.02075023017823696,-1.1509552001953125,0.914222776889801
4474,104.13402664455498,-0.20091474056243896,-8.076960563659668,9.640206336975098,0.05525033921003342,0.019805504009127617,-1.081095576286316,0.8582133054733276
4475,104.18402664530004,1.488250732421875,-4.802964210510254,9.700455665588379,0.11879982799291611,-0.003818020224571228,-0.7194290161132812,0.814415454864502
4476,104.2340266460451,0.6902498006820679,-0.8764999508857727,9.823013305664062,0.09340091794729233,0.001928461715579033,-0.5244243144989014,0.7847958207130432
4477,104.28402664679015,1.05305814743042,-0.6018369197845459,9.783132553100586,0.054021526128053665,-0.011076642200350761,-0.27914363145828247,0.766244113445282
4478,104.33402664753521,0.44190433621406555,-0.8001958131790161,9.824936866760254,0.029825285077095032,0.0003002770245075226,-0.2370223104953766,0.7537326812744141
4479,104.38402664828027,1.0383975505828857,-1.2478675842285156,9.790148735046387,0.017315495759248734,-0.009893089532852173,-0.09446252882480621,0.7462976574897766
4480,104.43402664902533,0.449404776096344,-0.9846236705780029,9.833874702453613,0.011443693190813065,0.0022090848069638014,-0.1162591353058815,0.7409974336624146
4481,104.48402664977039,1.0173137187957764,-1.102278709411621,9.794929504394531,0.008874037303030491,-0.007816780358552933,-0.01772330142557621,0.7381994724273682
4482,104.53402665051544,0.44706493616104126,-0.7085332274436951,9.834606170654297,0.007654611952602863,0.00390043156221509,-0.06649245321750641,0.7358815670013428
4483,104.5840266512605,0.9955397844314575,-0.7706787586212158,9.793903350830078,0.007081691175699234,-0.006459461059421301,0.013563558459281921,0.7349840998649597
4484,104.63402665200556,0.4276723861694336,-0.3814750909805298,9.832721710205078,0.006468608975410461,0.004828987643122673,-0.04629772529006004,0.7338782548904419
4485,104.68402665275062,0.9720650315284729,-0.4847325384616852,9.792116165161133,0.005994981620460749,-0.005774053744971752,0.02597370371222496,0.733742892742157
4486,104.73402665349568,0.4185110926628113,-0.15460626780986786,9.830968856811523,0.005273890215903521,0.005237507168203592,-0.03821369633078575,0.7331192493438721
4487,104.78402665424073,0.9660235047340393,-0.3219301700592041,9.79096794128418,0.004707925021648407,-0.005463579669594765,0.03067087195813656,0.7332810759544373
4488,104.83402665498579,0.3336406350135803,-0.5464494228363037,9.831645011901855,-0.032357633113861084,0.00625778641551733,-0.11455623060464859,0.7308241128921509
4489,104.88402665573085,0.48204517364501953,-2.8556652069091797,9.793156623840332,-0.06326074153184891,-0.0004181619733572006,-0.22118531167507172,0.7222411632537842
4490,104.93402665647591,-0.7982183694839478,-4.874982833862305,9.813406944274902,-0.07693204283714294,0.016089556738734245,-0.48123618960380554,0.7034117579460144
4491,104.98402665722097,-1.168041706085205,-6.980845928192139,9.736532211303711,-0.08128052949905396,0.015362033620476723,-0.669237494468689,0.6738474369049072
4492,105.03402665796602,-2.2244064807891846,-8.17093563079834,9.709725379943848,-0.05626983940601349,0.029778799042105675,-0.8912398219108582,0.633466899394989
4493,105.08402665871108,-1.4475131034851074,-8.520454406738281,9.627696990966797,-0.03423476219177246,0.021652434021234512,-0.9628717303276062,0.5865020751953125
4494,105.13402665945614,-1.6669328212738037,-8.263537406921387,9.647007942199707,-0.01867254264652729,0.030931325629353523,-1.0863333940505981,0.5345218181610107
4495,105.1840266602012,-0.9031805992126465,-8.473806381225586,9.608171463012695,-0.012967370450496674,0.02095773257315159,-1.0851984024047852,0.4801270365715027
4496,105.23402666094626,-1.260389804840088,-8.378952026367188,9.639140129089355,-0.007133099250495434,0.02988256700336933,-1.1646579504013062,0.4234139621257782
4497,105.28402666169131,-0.605616569519043,-8.686389923095703,9.604742050170898,-0.00670861080288887,0.02022876963019371,-1.1327974796295166,0.36608436703681946
4498,105.33402666243637,-1.0375452041625977,-8.626522064208984,9.635744094848633,-0.003403548151254654,0.029581343755126,-1.193245768547058,0.3075949251651764
4499,105.38402666318143,-0.45459938049316406,-8.909502029418945,9.601202011108398,-0.0040174913592636585,0.020320571959018707,-1.1486479043960571,0.249241903424263
4500,105.43402666392649,-0.23488664627075195,-8.020007133483887,9.642271041870117,0.05318133160471916,0.019397087395191193,-1.0814194679260254,0.1932622492313385
4501,105.48402666467155,1.46685791015625,-4.76591682434082,9.70132827758789,0.11713936179876328,-0.004054047167301178,-0.7210170030593872,0.14940570294857025
4502,105.5340266654166,0.6706603765487671,-0.8599521517753601,9.823479652404785,0.09206084161996841,0.0017369464039802551,-0.5258891582489014,0.11970684677362442
4503,105.58402666616166,1.05105721950531,-0.6167991757392883,9.783761978149414,0.05290153995156288,-0.01115715503692627,-0.28071486949920654,0.10107890516519547
4504,105.63402666690672,0.4344866871833801,-0.7984412312507629,9.825432777404785,0.02892495132982731,0.00020324252545833588,-0.23800206184387207,0.08850552886724472
4505,105.68402666765178,1.021696925163269,-1.2606580257415771,9.790719032287598,0.016607172787189484,-0.00991475023329258,-0.09547083079814911,0.08102093636989594
4506,105.73402666839684,0.43648403882980347,-1.004744052886963,9.833941459655762,0.010916322469711304,0.0021495288237929344,-0.11670216172933578,0.0756874829530716
4507,105.7840266691419,1.0133559703826904,-1.1270637512207031,9.795133590698242,0.008491873741149902,-0.007815093733370304,-0.018304461613297462,0.07286254316568375
4508,105.83402666988695,0.4339759349822998,-0.7089227437973022,9.83450984954834,0.007396270986646414,0.0038568726740777493,-0.06660265475511551,0.07052943110466003
4509,105.88402667063201,0.9964046478271484,-0.7866529226303101,9.794153213500977,0.0069102030247449875,-0.0064485883340239525,0.01322166621685028,0.06962025910615921
4510,105.93402667137707,0.4126255214214325,-0.39020830392837524,9.832560539245605,0.006368471309542656,0.004793394822627306,-0.04624038562178612,0.0685095265507698
4511,105.98402667212213,0.9772028923034668,-0.4971012473106384,9.792293548583984,0.005939928349107504,-0.005757732316851616,0.025746215134859085,0.0683683305978775
4512,106.03402667286718,0.4085405766963959,-0.15832439064979553,9.830894470214844,0.005254307761788368,0.00520573602989316,-0.03808311000466347,0.0677451491355896
4513,106.08402667361224,0.9542204737663269,-0.3195396661758423,9.791064262390137,0.004705910570919514,-0.00544348731637001,0.03049200214445591,0.06790345907211304
4514,106.1340266743573,0.407523512840271,-0.022071093320846558,9.829676628112793,0.003956271335482597,0.0053538428619503975,-0.034839194267988205,0.06746722012758255
4515,106.18402667510236,0.936269223690033,-0.21156299114227295,9.790419578552246,0.003422938520088792,-0.005302444100379944,0.0321241170167923,0.06773898750543594
4516,106.23402667584742,0.321845144033432,-0.4924316704273224,9.831442832946777,-0.033800460398197174,0.006238896399736404,-0.11366408318281174,0.06533829122781754
4517,106.28402667659248,0.45536303520202637,-2.809624671936035,9.794168472290039,-0.06486156582832336,-0.0003848038613796234,-0.22270774841308594,0.05673130601644516
4518,106.33402667733753,-0.09426140785217285,-3.512070417404175,9.807405471801758,0.019106334075331688,0.007611831650137901,-0.27251291275024414,0.04312441125512123
4519,106.38402667808259,0.8687082529067993,-0.834510087966919,9.776466369628906,0.03544096648693085,-0.0050261542201042175,-0.12517482042312622,0.03402401879429817
4520,106.43402667882765,0.31559476256370544,0.35427653789520264,9.823040008544922,0.022566549479961395,0.004951542243361473,-0.13766483962535858,0.02746858261525631
4521,106.48402667957271,0.9107121825218201,-0.037143707275390625,9.787252426147461,0.012222245335578918,-0.005984955467283726,-0.03532670438289642,0.02372368983924389
4522,106.53402668031777,0.33189547061920166,0.035362958908081055,9.82819938659668,0.006176674272865057,0.004598953295499086,-0.077165886759758,0.02073652110993862
4523,106.58402668106282,0.9161220788955688,-0.3046616315841675,9.790839195251465,0.003222394036129117,-0.005807389505207539,0.0036297133192420006,0.019338333979249
4524,106.63402668180788,0.3450460731983185,-0.08824986219406128,9.82968521118164,0.0017790854908525944,0.004794778302311897,-0.050908852368593216,0.0178909320384264
4525,106.68402668255294,0.906886875629425,-0.31223684549331665,9.791444778442383,0.0012898757122457027,-0.005494799464941025,0.02024165354669094,0.017493370920419693
4526,106.734026683298,0.3509119749069214,-0.05791950225830078,9.829540252685547,0.0010442640632390976,0.004994069691747427,-0.039638224989175797,0.016716251149773598
4527,106.78402668404306,0.8226483464241028,0.2923014163970947,9.794686317443848,0.03845490142703056,-0.004474300891160965,0.11031240224838257,0.018826037645339966
4528,106.83402668478811,-0.13619279861450195,2.7149972915649414,9.836116790771484,0.06912090629339218,0.009693942964076996,0.22220565378665924,0.02738599106669426
4529,106.88402668553317,0.38069653511047363,3.461163282394409,9.770939826965332,-0.016326438635587692,-0.0030003171414136887,0.2742724120616913,0.04113316908478737
4530,106.93402668627823,0.3092197775840759,0.8124774694442749,9.813471794128418,-0.03299455717206001,0.005191270262002945,0.13071028888225555,0.050411950796842575
4531,106.98402668702329,0.8200234174728394,-0.35927069187164307,9.785587310791016,-0.02067805826663971,-0.005520481616258621,0.13812988996505737,0.0570761077105999
4532,107.03402668776835,0.31743866205215454,0.039430171251297,9.825618743896484,-0.010549870319664478,0.0043112291023135185,0.038913749158382416,0.060949791222810745
4533,107.0840266885134,0.7828992009162903,-0.558444082736969,9.794601440429688,-0.04263506829738617,-0.004773419350385666,-0.009688270278275013,0.061901338398456573
4534,107.13402668925846,-0.18552017211914062,-2.419950246810913,9.836870193481445,-0.0705081969499588,0.008639968931674957,-0.2499869167804718,0.05434210225939751
4535,107.18402669000352,0.34076929092407227,-3.5693559646606445,9.77359676361084,0.016045482829213142,-0.003561880439519882,-0.19552533328533173,0.042166709899902344
4536,107.23402669074858,0.26988884806632996,-0.4540852904319763,9.814191818237305,0.033179860562086105,0.005025092512369156,-0.1839785873889923,0.03286901116371155
4537,107.28402669149364,0.8023316264152527,0.25612807273864746,9.786226272583008,0.02081434801220894,-0.005937535315752029,-0.06897225230932236,0.027206912636756897
4538,107.3340266922387,0.286800354719162,0.29954466223716736,9.826395988464355,0.0105163948610425,0.004148079548031092,-0.09819250553846359,0.022928934544324875
4539,107.38402669298375,0.8355633616447449,-0.13662290573120117,9.79128360748291,0.004735338035970926,-0.005908594932407141,-0.012563159689307213,0.020629888400435448
4540,107.43402669372881,0.30509817600250244,-0.02866855263710022,9.829273223876953,0.0018636495806276798,0.004335531033575535,-0.05972680076956749,0.018612688407301903
4541,107.48402669447387,0.8337064385414124,-0.29481643438339233,9.792793273925781,0.0007109194993972778,-0.005511417984962463,0.012255535461008549,0.0178040973842144
4542,107.53402669521893,0.3149459958076477,-0.06877735257148743,9.829277992248535,0.00031218957155942917,0.004626590758562088,-0.0427890345454216,0.01677320897579193
4543,107.58402669596398,0.8370362520217896,-0.2847535014152527,9.792621612548828,0.0003475886769592762,-0.0051932428032159805,0.022924751043319702,0.016616107895970345
4544,107.63402669670904,0.2982613444328308,-0.03416439890861511,9.828514099121094,0.0004231380298733711,0.004810723941773176,-0.03541649132966995,0.016013264656066895
4545,107.6840266974541,0.8308312296867371,-0.2200380563735962,9.792373657226562,0.0005859993398189545,-0.004998277872800827,0.027338454499840736,0.016131941229104996
4546,107.73402669819916,0.3016420304775238,0.017689049243927002,9.828173637390137,0.0006253216415643692,0.004895349033176899,-0.032221414148807526,0.015705065801739693
4547,107.78402669894422,0.8190075159072876,-0.1803051233291626,9.791817665100098,0.0006994237191975117,-0.0048841978423297405,0.029034439474344254,0.01594238355755806
4548,107.83402669968928,0.2872523069381714,0.058614909648895264,9.827995300292969,0.0006498326547443867,0.0049195499159395695,-0.030813559889793396,0.0155907878652215
4549,107.88402670043433,0.8119983673095703,-0.14698344469070435,9.79188346862793,0.0006484934128820896,-0.004814318381249905,0.029577702283859253,0.015867428854107857
4550,107.93402670117939,0.28754913806915283,0.08173392713069916,9.82752799987793,0.0005490412004292011,0.004913472104817629,-0.03014986962080002,0.015552508644759655
4551,107.98402670192445,0.7972578406333923,-0.12617945671081543,9.791869163513184,0.0005148923955857754,-0.004765907768160105,0.029649531468749046,0.01584487408399582
4552,108.03402670266951,0.2901556193828583,0.09342877566814423,9.827446937561035,0.00040935445576906204,0.00489311758428812,-0.02978348918259144,0.015537170693278313
4553,108.08402670341457,0.7848258018493652,-0.11681580543518066,9.792123794555664,0.0003720964305102825,-0.004726461600512266,0.029536476358771324,0.015829818323254585
4554,108.13402670415962,0.2826985716819763,0.10138888657093048,9.827058792114258,0.0002754759043455124,0.004865337163209915,-0.02953110821545124,0.015533333644270897
4555,108.18402670490468,0.7748695015907288,-0.10887384414672852,9.792412757873535,0.0002498519606888294,-0.0046919891610741615,0.02935790829360485,0.01582605205476284
4556,108.23402670564974,0.28012242913246155,0.10165607929229736,9.826943397521973,0.0001730932854115963,0.004835310857743025,-0.02931828424334526,0.015533333644270897
4557,108.2840267063948,0.7673100829124451,-0.10732156038284302,9.792388916015625,0.00016166362911462784,-0.0046592275612056255,0.029159750789403915,0.01582605205476284
4558,108.33402670713986,0.26764461398124695,0.10824286937713623,9.826913833618164,0.00010141031816601753,0.0048040240071713924,-0.029118042439222336,0.015533333644270897
4559,108.38402670788491,0.7571521997451782,-0.11204880475997925,9.792440414428711,0.00010095490142703056,-0.004628065042197704,0.028957637026906013,0.015822285786271095
4560,108.43402670862997,0.2751038074493408,0.11071230471134186,9.826870918273926,5.566142499446869e-05,0.004772419109940529,-0.02892104536294937,0.015529495663940907
4561,108.48402670937503,0.7371352314949036,-0.10791492462158203,9.792616844177246,6.283819675445557e-05,-0.004596848040819168,0.028757182881236076,0.0158185176551342
4562,108.53402671012009,0.26237237453460693,0.10095734894275665,9.826645851135254,2.829311415553093e-05,0.004740096628665924,-0.028725774958729744,0.015529495663940907
4563,108.58402671086515,0.7471737265586853,-0.10053402185440063,9.792734146118164,3.76235693693161e-05,-0.004567230585962534,0.028560305014252663,0.01580720953643322
4564,108.6340267116102,0.24235665798187256,0.10504546761512756,9.826659202575684,1.204153522849083e-05,0.004708873573690653,-0.028530627489089966,0.015525656752288342
4565,108.68402671235526,0.729500412940979,-0.10648345947265625,9.792828559875488,2.34055332839489e-05,-0.004537391941994429,0.028365693986415863,0.015803437680006027
4566,108.73402671310032,0.26224130392074585,0.10225069522857666,9.826493263244629,3.244727849960327e-06,0.004677571356296539,-0.02833695150911808,0.015521816909313202
4567,108.78402671384538,0.7169835567474365,-0.10252249240875244,9.79292106628418,1.4557503163814545e-05,-0.004507613833993673,0.0281735397875309,0.015803437680006027
4568,108.83402671459044,0.23466932773590088,0.10268586128950119,9.826432228088379,-2.016313374042511e-07,0.0046464563347399235,-0.02814481221139431,0.015517976135015488
4569,108.8840267153355,0.7244653701782227,-0.09888291358947754,9.793079376220703,1.026596873998642e-05,-0.00447852211073041,0.027983957901597023,0.015795892104506493
4570,108.93402671608055,0.23201912641525269,0.09773008525371552,9.82631778717041,-1.2926757335662842e-06,0.004615592770278454,-0.02795414812862873,0.015517976135015488
4571,108.98402671682561,0.704314649105072,-0.1035604476928711,9.793095588684082,6.7320652306079865e-06,-0.004449451807886362,0.027795812115073204,0.015795892104506493
4572,109.03402671757067,0.2395412027835846,0.10386538505554199,9.826354026794434,-2.152286469936371e-06,0.004584731999784708,-0.02776547148823738,0.015517976135015488
4573,109.08402671831573,0.6892618536949158,-0.10206997394561768,9.79318904876709,3.984663635492325e-06,-0.004420634359121323,0.02760954387485981,0.01578834466636181
4574,109.13402671906078,0.23187339305877686,0.09773415327072144,9.82624340057373,-1.1264346539974213e-06,0.0045546372421085835,-0.02757897600531578,0.01551029272377491
4575,109.18402671980584,0.6867867112159729,-0.09577792882919312,9.793272972106934,2.016313374042511e-06,-0.004392459522932768,0.027425874024629593,0.01578834466636181
4576,109.2340267205509,0.22676461935043335,0.09531326591968536,9.826051712036133,3.702007234096527e-07,0.004524212796241045,-0.027394045144319534,0.015506449155509472
4577,109.28402672129596,0.6741582751274109,-0.09932714700698853,9.793519020080566,-2.3422762751579285e-07,-0.004364066291600466,0.027243617922067642,0.015780791640281677
4578,109.33402672204102,0.22175516188144684,0.09914127737283707,9.825940132141113,1.2028031051158905e-06,0.004494333174079657,-0.027211075648665428,0.015506449155509472
4579,109.38402672278607,0.6741072535514832,-0.09807419776916504,9.793641090393066,-1.5692785382270813e-06,-0.004336150363087654,0.02706337720155716,0.015777014195919037
4580,109.43402672353113,0.21166637539863586,0.09804717451334,9.825712203979492,1.0342337191104889e-06,0.004464729689061642,-0.02703014574944973,0.015506449155509472
4581,109.48402672427619,0.6615358591079712,-0.09787434339523315,9.793848991394043,-1.546461135149002e-06,-0.004309213720262051,0.026885120198130608,0.015777014195919037
4582,109.53402672502125,0.2090587317943573,0.09558681398630142,9.82579231262207,3.502238541841507e-06,0.004435610957443714,-0.02685105800628662,0.015506449155509472
4583,109.58402672576631,0.6539692282676697,-0.09775370359420776,9.793740272521973,-9.94652509689331e-07,-0.0042814332991838455,0.026708176359534264,0.015769455581903458
4584,109.63402672651137,0.20653074979782104,0.09812577068805695,9.825638771057129,2.6491470634937286e-06,0.004406880121678114,-0.02667379006743431,0.015498759225010872
4585,109.68402672725642,0.6463993787765503,-0.0976330041885376,9.793984413146973,-3.900844603776932e-06,-0.004254421219229698,0.026533693075180054,0.01576567441225052
4586,109.73402672800148,0.19640684127807617,0.09453201293945312,9.825489044189453,5.368608981370926e-06,0.004378075245767832,-0.026498399674892426,0.015498759225010872
4587,109.78402672874654,0.6463900804519653,-0.09388101100921631,9.794106483459473,-3.92179936170578e-06,-0.004227716941386461,0.026361066848039627,0.01576567441225052
4588,109.8340267294916,0.18882256746292114,0.0933990329504013,9.825454711914062,4.2719766497612e-06,0.004349586088210344,-0.0263254102319479,0.01550260465592146
4589,109.88402673023666,0.6338057518005371,-0.09493124485015869,9.794156074523926,-6.173737347126007e-06,-0.004200879018753767,0.026190148666501045,0.01575811207294464
4590,109.93402673098171,0.1887567639350891,0.09339966624975204,9.825261116027832,6.680842489004135e-06,0.0043216850608587265,-0.026153963059186935,0.01550260465592146
4591,109.98402673172677,0.6237419843673706,-0.09477156400680542,9.794361114501953,-6.554648280143738e-06,-0.0041746417991817,0.026020782068371773,0.01575811207294464
4592,110.03402673247183,0.1862698793411255,0.09843861311674118,9.825224876403809,8.070375770330429e-06,0.004293677397072315,-0.0259846244007349,0.01549491286277771
4593,110.08402673321689,0.6211158037185669,-0.09847939014434814,9.794405937194824,-8.17934051156044e-06,-0.0041487268172204494,0.02585371397435665,0.015754329040646553
4594,110.13402673396195,0.17115254700183868,0.09492138773202896,9.825193405151367,7.502268999814987e-06,0.0042662969790399075,-0.02581738494336605,0.01549491286277771
4595,110.184026734707,0.6135934591293335,-0.09585946798324585,9.794413566589355,-8.733943104743958e-06,-0.004123343154788017,0.025688447058200836,0.015750544145703316
4596,110.23402673545206,0.17610907554626465,0.09609450399875641,9.825075149536133,8.892733603715897e-06,0.004238794557750225,-0.025651657953858376,0.01549491286277771
4597,110.28402673619712,0.6035100221633911,-0.09694969654083252,9.794695854187012,-9.22568142414093e-06,-0.004097566474229097,0.02552487701177597,0.01574675925076008
4598,110.33402673694218,0.17104613780975342,0.09617260843515396,9.824767112731934,1.0432209819555283e-05,0.004212111234664917,-0.025487855076789856,0.015491065569221973
4599,110.38402673768724,0.5960060954093933,-0.09308016300201416,9.794859886169434,-1.0964460670948029e-05,-0.004072471987456083,0.02536335028707981,0.01574675925076008
4600,110.4340267384323,0.16587069630622864,0.08875136077404022,9.824848175048828,1.1471565812826157e-05,0.004184809513390064,-0.02532629482448101,0.01549491286277771
4601,110.48402673917735,0.5884662866592407,-0.09171020984649658,9.79478931427002,-1.2440606951713562e-05,-0.004047716036438942,0.02520347200334072,0.015739187598228455
4602,110.53402673992241,0.16336917877197266,0.09254011511802673,9.824732780456543,1.200009137392044e-05,0.004159185104072094,-0.02516627125442028,0.015491065569221973
4603,110.58402674066747,0.5834019780158997,-0.09162962436676025,9.795068740844727,-1.1538155376911163e-05,-0.004023649264127016,0.02504570782184601,0.01574297435581684
4604,110.63402674141253,0.16079017519950867,0.09132934361696243,9.824461936950684,1.2509990483522415e-05,0.004133237060159445,-0.025007931515574455,0.015491065569221973
4605,110.68402674215758,0.570844292640686,-0.09143126010894775,9.795117378234863,-1.338450238108635e-05,-0.0039990125223994255,0.024889418855309486,0.015739187598228455
4606,110.73402674290264,0.09304431825876236,0.0911262184381485,9.82793140411377,1.7772894352674484e-05,0.005091207101941109,-0.02589672990143299,0.015479517169296741
4607,110.7840267436477,-0.08616841584444046,-0.09737042337656021,9.821744918823242,-4.0080398321151733e-05,0.0010911360150203109,0.028877532109618187,0.01576189324259758
4608,110.83402674439276,-1.419771432876587,0.10319650173187256,9.861702919006348,0.00010135583579540253,0.012845801189541817,-0.030261380597949028,0.01546410657465458
4609,110.88402674513782,-1.670206904411316,-0.10876691341400146,9.81862735748291,-0.00015778979286551476,0.0067830695770680904,0.03139540180563927,0.015777014195919037
4610,110.93402674588287,-2.5651490688323975,0.11449623107910156,9.829319953918457,0.00025896262377500534,0.015058489516377449,-0.03215497359633446,0.015460251830518246
4611,110.98402674662793,-2.468503475189209,-0.11631417274475098,9.787215232849121,-0.00032958341762423515,0.006150142755359411,0.0329899825155735,0.01578834466636181
4612,111.03402674737299,-3.1023945808410645,0.12140178680419922,9.806731224060059,0.00042029283940792084,0.012898233719170094,-0.03368756175041199,0.01545253861695528
4613,111.08402674811805,-2.809512138366699,-0.12103986740112305,9.774012565612793,-0.000485472846776247,0.0030117505230009556,0.03443151339888573,0.01579211838543415
4614,111.1340267488631,-3.326793670654297,0.12224531173706055,9.801146507263184,0.0005516717210412025,0.009843170642852783,-0.0351400263607502,0.015448681078851223
4615,111.18402674960817,-2.9149162769317627,-0.12319421768188477,9.772397994995117,-0.0006014782120473683,-0.00011167040793225169,0.03582718223333359,0.015803437680006027
4616,111.23402675035322,-3.3882367610931396,0.12936091423034668,9.802985191345215,0.0006442489102482796,0.007389678154140711,-0.0365382581949234,0.015437101945281029
4617,111.28402675109828,-2.915364980697632,-0.1282203197479248,9.77499008178711,-0.0006782540585845709,-0.002427479950711131,0.03716922923922539,0.015803437680006027
4618,111.33402675184334,-3.3777406215667725,0.12663984298706055,9.80669116973877,0.0007037809118628502,0.005805124994367361,-0.03786756843328476,0.015429376624524593
4619,111.3840267525884,-2.859056234359741,-0.12787246704101562,9.777883529663086,-0.0007262681610882282,-0.0039402879774570465,0.03844258561730385,0.015810979530215263
4620,111.43402675333346,-3.3257694244384766,0.13454771041870117,9.810407638549805,0.000739365816116333,0.004917800892144442,-0.03911914676427841,0.015417782589793205
4621,111.48402675407851,-3.263566732406616,-0.15145063400268555,9.801523208618164,-0.0011427162680774927,0.002002085093408823,0.04154331237077713,0.015852395445108414
4622,111.53402675482357,-6.485786437988281,0.0901327133178711,9.90549087524414,0.0007567275315523148,0.021412551403045654,-0.03946327418088913,0.015575487166643143
4623,111.58402675556863,-7.962954044342041,-0.1647205352783203,9.819879531860352,-0.0011724922806024551,0.020844558253884315,0.04938490688800812,0.01619831472635269
4624,111.63402675631369,-8.147064208984375,0.1573338508605957,9.739933013916016,0.00184527225792408,0.01886855810880661,-0.04425268992781639,0.015908697620034218
4625,111.68402675705875,-7.936417579650879,-0.15198612213134766,9.703384399414062,-0.0016756709665060043,0.011211669072508812,0.05378835275769234,0.01660534366965294
4626,111.7340267578038,-7.9208478927612305,0.17209243774414062,9.708338737487793,0.0019400501623749733,0.00935409590601921,-0.04405746981501579,0.0163411982357502
4627,111.78402675854886,-7.56152868270874,-0.17337417602539062,9.706979751586914,-0.00216562463901937,0.0019078297773376107,0.05522618815302849,0.017103997990489006
4628,111.83402675929392,-7.665157318115234,0.14506053924560547,9.730137825012207,0.001956949243322015,0.003562366124242544,-0.04205737262964249,0.016971049830317497
4629,111.88402676003898,-7.291136264801025,-0.19285917282104492,9.727100372314453,-0.0024868701584637165,-0.002062836429104209,0.07118385285139084,0.017993919551372528
4630,111.93402676078404,-6.843218803405762,0.26106786727905273,9.662348747253418,0.0010933075100183487,-0.006544460542500019,0.005460008978843689,0.017820829525589943
4631,111.9840267615291,-5.560542583465576,0.059409141540527344,9.745305061340332,0.0008426550775766373,-0.009302739053964615,4.41472657257691e-05,0.017940839752554893
4632,112.03402676227415,-5.639160633087158,0.08522796630859375,9.803348541259766,0.0001770860981196165,-0.0023786257952451706,0.001970832934603095,0.01800716668367386
4633,112.08402676301921,-9.677081108093262,0.05682086944580078,9.923519134521484,-0.00014759041368961334,0.01623634621500969,0.00020352486171759665,0.01803693361580372
4634,112.13402676376427,-9.918800354003906,0.028667449951171875,9.763412475585938,-0.0003880225121974945,0.012698493897914886,0.0018945056945085526,0.018060052767395973
4635,112.18402676450933,-8.301068305969238,0.026350975036621094,9.66765022277832,-3.966153599321842e-05,0.002875266596674919,-0.008689317852258682,0.018013784661889076
4636,112.23402676525438,-7.09311056137085,-0.013697147369384766,9.67032241821289,-0.0007316828705370426,-0.004742407239973545,0.009644022211432457,0.01810949295759201
4637,112.28402676599944,-6.386327743530273,0.029063701629638672,9.707189559936523,2.149771898984909e-05,-0.008867109194397926,-0.009488764218986034,0.01800716668367386
4638,112.3340267667445,-5.824605464935303,-0.009752273559570312,9.738349914550781,-0.00030510034412145615,-0.010845493525266647,0.0057052490301430225,0.01802370883524418
4639,112.38402676748956,-5.856343746185303,-0.05262565612792969,9.778270721435547,-0.0012349346652626991,-0.004991129972040653,0.0068413130939006805,0.018328698351979256
4640,112.43402676823462,-7.777982234954834,-0.09978961944580078,9.82908821105957,-0.0005746456445194781,0.0015023264568299055,0.015084602870047092,0.018886100500822067
4641,112.48402676897967,-7.649923324584961,0.07750320434570312,9.767454147338867,0.000551653909496963,0.0011036943178623915,-0.005801194813102484,0.01899624615907669
4642,112.53402676972473,-7.128032207489014,0.025124073028564453,9.74103832244873,0.0003065185737796128,-0.0011523975990712643,0.008922438137233257,0.019146272912621498
4643,112.58402677046979,-6.798512935638428,0.08876895904541016,9.746874809265137,0.014858276583254337,0.003801843151450157,0.0282176174223423,0.01945204846560955
4644,112.63402677121485,-4.776852607727051,0.084625244140625,9.686171531677246,-0.0009687263518571854,-0.021207138895988464,0.0011652905959635973,0.019501017406582832
4645,112.6840267719599,-0.43841999769210815,-0.07652038335800171,9.674622535705566,-0.0013690590858459473,-0.029015127569437027,-0.0011766512179747224,0.019488787278532982
4646,112.73402677270496,-0.08396370708942413,-0.019368093460798264,9.79658031463623,0.0010259374976158142,-0.027284860610961914,0.00118528981693089,0.019501017406582832
4647,112.78402677345002,0.06556969881057739,-0.007106900215148926,9.846543312072754,-0.0009058304131031036,-0.022082746028900146,-0.001225305488333106,0.019488787278532982
4648,112.83402677419508,0.11227874457836151,-0.003925800323486328,9.860100746154785,0.0011745747178792953,-0.016374198719859123,0.0012133968994021416,0.019501017406582832
4649,112.88402677494014,0.1164688766002655,0.0023215487599372864,9.85728645324707,-0.0009672651067376137,-0.011410553008317947,-0.001239701872691512,0.019488787278532982
4650,112.9340267756852,0.08830101042985916,-0.003148473799228668,9.848304748535156,0.0011503128334879875,-0.007560309953987598,0.0012309652520343661,0.019501017406582832
